id,Title,Content
5,"GIỚI THIỆU","Đây là nơi giao lưu kết nối cộng đồng của những con người hữu duyên. Trang gieoduyen.vn được xây dựng với mong muốn chia sẻ các chương trình miễn phí có ý nghĩa cho cộng đồng.

Chương trình nào mang lại ý nghĩa giúp cho cộng đồng sống tốt đẹp hơn, hiểu chính mình hơn, hạnh phúc và bình an hơn sẽ được chia sẻ tại đây. Vì vậy bạn nào biết được những chương trình tuyệt vời hoặc bạn là người chia sẻ những chương trình ý nghĩa thì liên hệ với Ban điều hành gieoduyen.vn để đăng bài chia sẻ cho cộng đồng để nhiều người được biết và tham gia.

Chúng ta hãy gieo duyên vì sự bình an, hạnh phúc và thịnh vượng của đất nước Việt Nam.
<h2>NƠI KẾT NỐI CÁC KHÓA HỌC MIỄN PHÍ CÓ GIÁ TRỊ CHO CỘNG ĐỘNG</h2>
Đây là trang để chia sẻ các chương trình ý nghĩa cho cộng đồng, khóa học miễn phí hoặc thu phí nhưng khoản phí đó sẽ đóng góp từ thiện cho cộng đồng.
<h2>THÔNG TIN LIÊN HỆ ADMIN</h2>
Nguyễn Thị Hồng Kiều

ĐT: 0963800038

Email: kathyhongkieu@gmail.com

<a href=""http://www.facebook.com/kathyhongkieu"" target=""_blank"" rel=""noopener"">www.facebook.com/kathyhongkieu</a>
<h2>THÔNG TIN HỘI TRƯỜNG HỖ TRỢ CỘNG ĐỒNG</h2>
Với tinh thần gieo duyên cho cộng đồng những chương trình có giá trị, tổ chức Gieo duyên.vn có thiết kế không gian phòng đào tạo để hỗ trợ cho các dự án cộng đồng miễn phí hoặc cho thuê các chương trình đào tạo với mức phí ưu đãi. Vị trí hội trường cho thuê ngay trung tâm quận 1, khu xung quanh yên tỉnh, có nhiều quán chay tịnh tâm, không gian yên tĩnh, ngay góc Trần Nhật Duật và Trần Khánh Dư.
<figure><img src=""http://gieoduyen.vn/wp-content/uploads/2019/09/phong-dao-tao-cho-thue-4-768x576.jpg"" sizes=""(max-width: 768px) 100vw, 768px"" srcset=""http://gieoduyen.vn/wp-content/uploads/2019/09/phong-dao-tao-cho-thue-4-768x576.jpg 768w, http://gieoduyen.vn/wp-content/uploads/2019/09/phong-dao-tao-cho-thue-4-300x225.jpg 300w, http://gieoduyen.vn/wp-content/uploads/2019/09/phong-dao-tao-cho-thue-4-1024x768.jpg 1024w, http://gieoduyen.vn/wp-content/uploads/2019/09/phong-dao-tao-cho-thue-4-1200x900.jpg 1200w"" alt="""" width=""768"" height=""576"" /><figcaption>Lối vào hội trường rất thơ mộng tạo không gian ấm áp cho các chương trình tìm về chính mình</figcaption></figure>
<figure><img src=""http://gieoduyen.vn/wp-content/uploads/2019/09/phong-dao-tao-cho-thue-4.jpg"" alt=""phong-dao-tao-cho-thue-4"" /></figure>
<figure><img src=""http://gieoduyen.vn/wp-content/uploads/2019/09/phong-dao-tao-cho-thue-1.jpg"" alt=""phong-dao-tao-cho-thue-1"" /></figure>
<figure><img src=""http://gieoduyen.vn/wp-content/uploads/2019/07/cho-thue-phong-dao-tao-chuyen-nghiep-tai-quan-1-tphcm-1.jpg"" alt=""cho-thue-phong-dao-tao-chuyen-nghiep-tai-quan-1-tphcm-1"" /></figure>
<figure><img src=""http://gieoduyen.vn/wp-content/uploads/2019/09/phong-dao-tao-cho-thue-6.jpg"" alt=""phong-dao-tao-cho-thue-6"" /></figure>
<figure><img src=""http://gieoduyen.vn/wp-content/uploads/2019/09/phong-dao-tao-cho-thue-2.jpg"" alt=""phong-dao-tao-cho-thue-2"" /></figure>
<figure><img src=""http://gieoduyen.vn/wp-content/uploads/2019/09/phong-dao-tao-cho-thue-3.jpg"" alt=""phong-dao-tao-cho-thue-3"" /></figure>
<figure><img src=""http://gieoduyen.vn/wp-content/uploads/2019/09/phong-dao-tao-cho-thue-5.jpg"" alt=""phong-dao-tao-cho-thue-5"" /></figure>
<figure><img src=""http://gieoduyen.vn/wp-content/uploads/2019/07/cho-thue-phong-dao-tao-chuyen-nghiep-tai-quan-1-tphcm-9.jpg"" alt=""cho-thue-phong-dao-tao-chuyen-nghiep-tai-quan-1-tphcm-9"" /></figure>
<figure><img src=""http://gieoduyen.vn/wp-content/uploads/2019/07/cho-thue-phong-dao-tao-chuyen-nghiep-tai-quan-1-tphcm-7.jpg"" alt=""cho-thue-phong-dao-tao-chuyen-nghiep-tai-quan-1-tphcm-7"" /></figure>
<figure><img src=""http://gieoduyen.vn/wp-content/uploads/2019/07/cho-thue-phong-dao-tao-chuyen-nghiep-tai-quan-1-tphcm-3.jpg"" alt=""cho-thue-phong-dao-tao-chuyen-nghiep-tai-quan-1-tphcm-3"" /></figure>
<figure><img src=""http://gieoduyen.vn/wp-content/uploads/2019/07/cho-thue-phong-dao-tao-chuyen-nghiep-tai-quan-1-tphcm-13.jpg"" alt=""cho-thue-phong-dao-tao-chuyen-nghiep-tai-quan-1-tphcm-13"" /></figure>
<figure><img src=""http://gieoduyen.vn/wp-content/uploads/2019/07/cho-thue-phong-dao-tao-chuyen-nghiep-tai-quan-1-tphcm-14.jpg"" alt=""cho-thue-phong-dao-tao-chuyen-nghiep-tai-quan-1-tphcm-14"" /></figure>
<figure><img src=""http://gieoduyen.vn/wp-content/uploads/2019/07/cho-thue-phong-dao-tao-chuyen-nghiep-tai-quan-1-tphcm-8.jpg"" alt=""cho-thue-phong-dao-tao-chuyen-nghiep-tai-quan-1-tphcm-8"" /></figure>
<figure><img src=""http://gieoduyen.vn/wp-content/uploads/2019/07/cho-thue-phong-dao-tao-chuyen-nghiep-tai-quan-1-tphcm-4.jpg"" alt=""cho-thue-phong-dao-tao-chuyen-nghiep-tai-quan-1-tphcm-4"" /></figure>
<a href=""http://gieoduyen.vn/phong-dao-tao-cho-thue"">
XEM CHI TIẾT HỘI TRƯỜNG CHO THUÊ HOẶC MƯỢN
</a>"
7,"LIÊN HỆ","<p>Đây là nơi giao lưu kết nối cộng đồng của những con người hữu duyên. Trang gieoduyen.vn được xây dựng với mong muốn chia sẻ các chương trình miễn phí có ý nghĩa cho cộng đồng.</p><p> </p><p>Chương trình nào mang lại ý nghĩa giúp cho cộng đồng sống tốt đẹp hơn, hiểu chính mình hơn, hạnh phúc và bình an hơn sẽ được chia sẻ tại đây. Vì vậy bạn nào biết được những chương trình tuyệt vời hoặc bạn là người chia sẻ những chương trình ý nghĩa thì liên hệ với Ban điều hành  gieoduyen.vn để post bài và chia sẻ cho cộng đồng nhiều người được biết và tham gia.</p><p>Chúng ta hãy gieo duyên cho sự bình an, hạnh phúc và thịnh vượng của đất nước Việt Nam.</p>		
			<h4>NƠI KẾT NỐI CÁC KHÓA HỌC MIỄN PHÍ CÓ GIÁ TRỊ CHO CỘNG ĐỘNG</h2></h4>		
		<p>Đây là trang để chia sẻ các chương trình ý nghĩa cho cộng đồng, khóa học miễn phí hoặc thu phí nhưng khoản phí đó sẽ đóng góp từ thiện cho cộng đồng.</p>		
			<h4>BAN LIÊN LẠC CỦA GIEODUYEN.VN</h4>		
		<p style=""animation-fill-mode: both; font-size: 16px;"">Nguyễn Thị Hồng Kiều</p><p style=""animation-fill-mode: both; font-size: 16px;"">ĐT: 0963800038</p><p style=""animation-fill-mode: both; font-size: 16px;"">Email:tracyhongkieu@gmail.com</p><p style=""animation-fill-mode: both; font-size: 16px;""><a href=""http://www.facebook.com/tracyhongkieu"" target=""_blank"" rel=""noopener noreferrer"">www.facebook.com/tracyhongkieu</a> </p>		
			<h2>ĐỊA CHỈ TỔ CHỨC THƯỜNG XUYÊN CÁC KHÓA HỌC MIỄN PHÍ</h2>		
		<p style=""font-size: 18px; text-align: justify;""> 01 Trần Khánh Dư, P.Tân Định, Q.1, TP.HCM</p>"
9,"KHÓA HỌC",
375,"Đăng ký nhận tài liệu bài giảng của Thầy Thích Đồng Chơn","Thầy Thích Đồng Chơn, thầy đang sinh sống tại Ấn Độ để nghiên cứu luận án tiến sĩ phật học, thầy đã chia sẻ 4 ngày giảng chánh pháp để có một cuộc sống Thân khỏe – Tâm an – Trí minh.

Các bạn vẫn chưa được đi học đợt vừa rồi hoặc đã được duyên phước học, muốn nhận tài liệu bài giảng và file ghi âm thì đăng ký tại form sau nhé:

&nbsp;

<script type=""text/javascript"" src=""https://app.getresponse.com/view_webform_v2.js?u=BryAf&webforms_id=BSYfj""></script>"
418,"Khóa học Chánh kiến trong đời sống","Tôi đã duyên phước tham gia thêm chương trình ""Chánh Kiến trong đời sống"" của <a href=""http://www.tranvietquan.com"">Thầy Trần Việt Quân</a> - Thầy hơn 20 năm kinh nghiệm Đông phương học và Quản trị nhân sự, là thành viên sáng lập Bách Khoa Education, và là cố vấn hệ thống trường Pathway.  Tôi cảm nhận được sâu sắc sự ứng dụng của Chánh pháp vào đời sống, có sự kết nối chiều sâu và tận gốc rễ của Giới Định Tuệ, Bát Chánh Đạo và như lý Tác ý sẽ giúp cho chúng ta có một cuộc sống thật bình an và hạnh phúc.

Ngoài ra bạn đã từng học Năng Đoạn Kim Cương thì khóa học này bạn sẽ giúp bạn học gốc rễ của sơ đồ Phật học và mang tính ứng dung thiết thực vào kinh doanh, vào quản lí và có một mối quan hệ hoàn hảo.

Khi được trải nghiệm lớp học Chánh kiến cùng với việc đã ứng dụng NLP vào thực tế. Tôi nhận được quá nhiều giá trị và nhận ra những kiến thức giá trị này sẽ phải thuộc về một NLP Master Coach. Tôi thật sự rất biết ơn hai người Thầy, đó là Thầy Vasanth Gopalan đã chia sẻ NLP và Thầy Trần Việt Quân đã chia sẻ về Chánh kiến
<h2>BẠN MUỐN CUỘC SỐNG TÂM AN - TRÍ MINH VÀ SỬ DỤNG TỐT LUẬT NHÂN QUẢ THÌ ĐĂNG KÝ LINK SAU NHÉ:</h2>
<a href=""https://app.getresponse.com/site2/chanhkien_nlp?u=BryAf&amp;webforms_id=BScw4"">
ĐĂNG KÝ
</a>
<figure><img src=""http://gieoduyen.vn/wp-content/uploads/2018/03/chanh-kien-300x200.jpg"" alt=""chanh-kien"" /></figure>
<figure><img src=""http://gieoduyen.vn/wp-content/uploads/2018/03/gieo-duyen-chanh-kien-300x169.jpg"" alt=""gieo-duyen-chanh-kien"" /></figure>
<figure><img src=""http://gieoduyen.vn/wp-content/uploads/2018/03/gieo-duyen-chanh-kien-3-300x169.jpg"" alt=""gieo-duyen-chanh-kien-3"" /></figure>
<figure><img src=""http://gieoduyen.vn/wp-content/uploads/2018/03/chanh-kien-2-300x169.jpg"" alt=""chanh-kien-2"" /></figure>
<h1>NỘI DUNG KHÓA HỌC CƠ BẢN VÀ NÂNG CAO</h1>
<h5>CẤU TRÚC NHÂN CÁCH CỐT LÕI</h5>
<ul>
 	<li>Cấu trúc nhân cách: 3 gốc rễ &amp; 3 độc tố</li>
 	<li>4 vòng tròn đào tạo</li>
 	<li>Nền tảng của sự thành công sự vào Giới Định Tuệ</li>
</ul>
<h5>SƠ ĐỒ PHẬT HỌC</h5>
<ul>
 	<li>Sơ đồ học phật, cách học hiệu quả</li>
 	<li>Như lý tác ý: phương pháp chuyển nghiệp</li>
 	<li>Nhân quả và quy luật gieo hạt đúng gốc rễ.</li>
 	<li>Ứng dụng Bát chánh đạo vào quản lí, đời sống.​</li>
</ul>
<h5>ỨNG DỤNG CHÁNH KIẾN</h5>
<ul>
 	<li>Chánh kiến về tiền, tháp nhu cầu Maslow, Tam quyền phân lập</li>
 	<li>Xây dựng đội ngũ, lục hòa, vòng tròn đệ nhị thân (đồng đội), cách giúp người, tạo phước</li>
 	<li>Cách bản ngã vận hành và chi phối con người, rèn luyện bản ngã</li>
</ul>
<h2>MỘT TRONG NHỮNG KHÓA HỌC TUYỆT VỜI MÀ TÔI TỪNG HỌC</h2>
<h3>THỜI GIAN HỌC</h3>
Vào tháng 5 năm 2018 (ngày cụ thể sẽ báo sau)
<h3>ĐỊA ĐIỂM</h3>
299/3a Lý Thường Kiệt, Q.11, TP.HCM
<h1 style=""text-align: center;""><strong>HỌC PHÍ: ĐÀO TẠO MIỄN PHÍ</strong></h1>
<h4 id=""tab-con-6"" style=""text-align: center;"" data-css=""tve-u-15fb96aa787""><strong><strong>Chỉ thu phí tổ chức: 300.000đ/Khóa cơ bản + 300.000đ/Khóa nâng cao </strong></strong></h4>
<h4 id=""tab-con-6"" style=""text-align: center;"" data-css=""tve-u-15fb96aa787""><strong><strong> (Dùng cho quỹ tranh nhân quả, tiền ăn ngày 2 bữa cơm, tài liệu cho học viên, Phòng học, Tea-break...)</strong></strong></h4>
<h4 id=""tab-con-6"" style=""text-align: center;"" data-css=""tve-u-15fb96aa787"">(Thanh toán khi tham gia học cho đơn vị Bách Khoa Education)</h4>"
574,"Chánh kiến trong đời sống tại Cần Thơ","<h2>KHÓA HỌC GỒM CƠ BẢN VÀ NÂNG CAO</h2>
<h2>THỜI GIAN HỌC</h2>
Từ 8h30 đến 19h ngày 26-27 tháng 5 năm 2018 ( thứ 7, chủ nhật)
<h2>ĐỊA ĐIỂM</h2>
Lầu 8. Anh ngữ Gia Việt. 39 Mậu Thân, An Khánh, Ninh Kiều, Cần Thơ

HỌC PHÍ ĐÀO TẠO: MIỄN PHÍ

Học viên đóng góp phí hội trường và tổ chức: 200.000đ"
739,"Đăng kí nhận bản tin email","<script type=""text/javascript"" src=""https://app.getresponse.com/view_webform_v2.js?u=BryAf&webforms_id=BImqL""></script>"
843,"Gieo duyên 5 quán chay ngon tại TPHCM","<p>Đối với một người đang ở trong quá trình phát triển bản thân và thiền định, việc ăn chay có lợi ích rất lớn. Bài viết này có mong muốn gieo duyên cho bạn biết tới những quán ăn chay ngon, chất lượng ở TPHCM.</p><p> </p><p> </p><p>Tôi sẽ không nhắc nhiều đến ý nghĩa của ăn chay về mặt dưỡng chất, bảo vệ môi trường, hay về tâm linh. </p><p> </p><p> </p><p>Trong bài viết này tôi muốn nói nhiều hơn tới khía cạnh năng lượng và lợi ích của ăn chay với việc thiền định. </p><p> </p><p>Việc ăn chay giúp cho cơ thể của chúng ta nhẹ nhàng hơn, dễ nhập định hơn khi hành thiền. Đồng thời cũng giúp làm sạch cơ thể của mình, bởi thức ăn chay chứa nhiều chất xơ hỗ trợ cho hệ tiêu hoá, và cấu trúc cơ thể của con người cũng được thiết kế để hấp thụ thực vật nhiều hơn là động vật.</p><p> </p><p>Những điều này mang lại lợi lạc rất lớn cho những ai đang muốn trí tuệ được thông suốt, nhẹ nhàng hơn, đi vào trạng thái thiền sâu, từ đó đón nhận năng lượng vũ trụ rót xuống. </p><p> </p><p>Tôi đã nhiều lần nói, khi chúng ta được rót đầy bên trong bằng năng lượng thông qua thiền, chúng ta sẽ có nhiều sức mạnh bên trong hơn để lao động và cống hiến. </p><p> </p><p>Dưới đây là 5 quán chay mà tôi đã trải nghiệm, hi vọng sẽ gieo duyên được cho ai đó yêu thích ăn chay hoặc đang muốn việc hành thiền của mình được tốt hơn:</p>		
			<h2>1. Nhà Hàng Chay Liên Hương</h2>		
		<img width=""900"" height=""598"" src=""http://gieoduyen.vn/wp-content/uploads/2019/07/5-nha-hang-chay-ngon-o-tphcm-2.jpg"" alt="""" srcset=""http://gieoduyen.vn/wp-content/uploads/2019/07/5-nha-hang-chay-ngon-o-tphcm-2.jpg 961w, http://gieoduyen.vn/wp-content/uploads/2019/07/5-nha-hang-chay-ngon-o-tphcm-2-300x199.jpg 300w, http://gieoduyen.vn/wp-content/uploads/2019/07/5-nha-hang-chay-ngon-o-tphcm-2-768x511.jpg 768w"" sizes=""(max-width: 900px) 100vw, 900px"" />		
		<p>Địa chỉ: 10D Trần Nhật Duật, P. Tân Định,  Quận 1, TP. HCM. Không gian yên tĩnh, rộng rãi, thoáng mát, hợp vệ sinh</p><p> </p><p>Quán Liên Hương thanh đạm, chủ quán dạy thực dưỡng nhiều năm, đúng thực dưỡng, không dầu mỡ, đặc biệt là món lẩu hoa rất ngon.</p>		
			<h2>2. Nhà Hàng Đậu Đỏ</h2>		
		<img width=""900"" height=""677"" src=""http://gieoduyen.vn/wp-content/uploads/2019/07/5-nha-hang-chay-ngon-o-tphcm-3.jpg"" alt="""" srcset=""http://gieoduyen.vn/wp-content/uploads/2019/07/5-nha-hang-chay-ngon-o-tphcm-3.jpg 960w, http://gieoduyen.vn/wp-content/uploads/2019/07/5-nha-hang-chay-ngon-o-tphcm-3-300x226.jpg 300w, http://gieoduyen.vn/wp-content/uploads/2019/07/5-nha-hang-chay-ngon-o-tphcm-3-768x578.jpg 768w"" sizes=""(max-width: 900px) 100vw, 900px"" />		
		<p>Địa chỉ: Số 7 Hồ Xuân Hương, phường 6, quận 3. </p><p>Quán Đậu Đỏ các món ăn rất thuần chay,  vị rất ngon, không dầu mỡ, giá cả hợp lý, không gian rộng, thoáng đãng, yên tĩnh và ấm cúng, nội thất phong cách, tiện tiếp khách và các buổi họp nhóm.</p>		
			<h2>3. Nhà hàng Hum Vegetarian</h2>		
		<img width=""900"" height=""900"" src=""http://gieoduyen.vn/wp-content/uploads/2019/07/5-nha-hang-chay-ngon-o-tphcm-4.jpg"" alt="""" srcset=""http://gieoduyen.vn/wp-content/uploads/2019/07/5-nha-hang-chay-ngon-o-tphcm-4.jpg 960w, http://gieoduyen.vn/wp-content/uploads/2019/07/5-nha-hang-chay-ngon-o-tphcm-4-150x150.jpg 150w, http://gieoduyen.vn/wp-content/uploads/2019/07/5-nha-hang-chay-ngon-o-tphcm-4-300x300.jpg 300w, http://gieoduyen.vn/wp-content/uploads/2019/07/5-nha-hang-chay-ngon-o-tphcm-4-768x768.jpg 768w"" sizes=""(max-width: 900px) 100vw, 900px"" />		
		<p>Địa chỉ: 32 Võ Văn Tần, phường 6, Quận 3.</p><p>Quán dễ thương, sang trọng, món ăn bắt mắt, thực đơn phong phú, đậm vị, quán có nhiều khách nước ngoài, giá cả tương đối cao, nếu bạn thích ăn chay đậm vị thì đây là quán dành cho bạn.</p>		
			<h2>4. Nhà hàng chay Phi Nhung</h2>		
		<img width=""900"" height=""581"" src=""http://gieoduyen.vn/wp-content/uploads/2019/07/5-nha-hang-chay-ngon-o-tphcm-5-1024x661.jpg"" alt="""" srcset=""http://gieoduyen.vn/wp-content/uploads/2019/07/5-nha-hang-chay-ngon-o-tphcm-5-1024x661.jpg 1024w, http://gieoduyen.vn/wp-content/uploads/2019/07/5-nha-hang-chay-ngon-o-tphcm-5-300x194.jpg 300w, http://gieoduyen.vn/wp-content/uploads/2019/07/5-nha-hang-chay-ngon-o-tphcm-5-768x496.jpg 768w, http://gieoduyen.vn/wp-content/uploads/2019/07/5-nha-hang-chay-ngon-o-tphcm-5.jpg 1190w"" sizes=""(max-width: 900px) 100vw, 900px"" />		
		<p>Nhà hàng ăn chay Phi Nhung hay còn gọi là nhà hàng Buddha Chay do ca sĩ Phi Nhung làm chủ. </p><p> </p><p>Địa chỉ: số 31 Đặng Tất, Quận 1, có không gian nhỏ nhắn nhưng cũng khá dễ thương, đủ thoải mái, ấm cúng.</p><p> </p><p>Địa chỉ tại 05 Nguyễn Chí Thanh, Quận 5 thì không gian lớn hơn, thanh tịnh, trang trí kiểu cách hơn.</p><p> </p><p>Thực đơn ở đây phong phú, ngon, đậm vị nhưng hơi nhiều dầu, bạn nào mới làm quen với ăn chay thì đây là quán chay khá phù hợp với bạn.</p>		
			<h2>5. Nhà hàng Đoá Sen Vàng</h2>		
		<img width=""900"" height=""593"" src=""http://gieoduyen.vn/wp-content/uploads/2019/07/5-nha-hang-chay-ngon-o-tphcm-6.jpg"" alt="""" srcset=""http://gieoduyen.vn/wp-content/uploads/2019/07/5-nha-hang-chay-ngon-o-tphcm-6.jpg 904w, http://gieoduyen.vn/wp-content/uploads/2019/07/5-nha-hang-chay-ngon-o-tphcm-6-300x198.jpg 300w, http://gieoduyen.vn/wp-content/uploads/2019/07/5-nha-hang-chay-ngon-o-tphcm-6-768x506.jpg 768w"" sizes=""(max-width: 900px) 100vw, 900px"" />		
		<p>Địa chỉ: 253/8 Nguyễn Văn Trỗi, P10, Q. Phú Nhuận. </p><p>Không gian sang trọng, đẹp và tinh tế, tông màu nâu và xanh, tiện tiếp khách, đãi tiệc lớn, thức ăn cũng đậm vị, thực đơn cũng rất phong phú. </p><p> </p><p>Nếu bạn đọc được bài viết này, bạn có thể gieo duyên cho những người bạn của mình cũng cùng thưởng thức ở 5 quán chay ngon ở TPHCM này để họ cũng đạt được những lợi lạc của việc ăn chay bạn nhé!</p><p> </p><p>Ai muốn cho tâm thanh nhàn thì an chay đi sẽ biết  </p><p>Lòng thảnh thơi mặc đời thay đổi đường ta đi ta cứ đi </p><p> </p><p>(Bài hát Ai Bảo Ăn Chay Là Khổ)</p>https://youtu.be/C2xfC_hfsvA		
			<h3>Hồng Kiều</h3>"
882,"Cho thuê phòng dạy học","<strong>Cho thuê phòng dạy học, phòng hội thảo thiết kế ấm áp ngay tại tầng 1 tòa nhà VPG, 01 Trần Khánh Dư, P.Tân Định, Q1, TP.HCM (Đi từ Trần Quang Khải vào, ngay ngã tư Trần Nhật Duật và Trần Khánh Dư) .</strong> Phòng được thiết kế ấm áp cho các buổi thiền trà, họp nhóm, đào tạo các chương trình Thân - Tâm - Trí .

Không gian thoáng đãng, mát mẻ, ấm áp, yên tĩnh, mang năng lượng tốt cho người tham dự (thường tổ chức những buổi hành thiền và đào tạo phát triển tư duy).

Đặc biệt: Hỗ trợ miễn phí cho mượn các chương trình cộng đồng thiện nguyện hoặc cho thuê với mức hỗ trợ rất ưu đãi tùy vào tính chất của chương trình tổ chức.
<h3>KHÔNG GIAN CHUYÊN ĐÀO TẠO</h3>
<ul>
 	<li>Không gian thiết kế chuyên phục vụ cho các buổi đào tạo.</li>
 	<li>Thiết bị đào tạo phù hợp và đạt chuẩn: âm thanh, ánh sáng, máy chiếu, máy lạnh, bàn ghế, flipchart…</li>
 	<li>Sức chứa tối đa 40-50 người.</li>
</ul>
<h3>HỖ TRỢ TUYỆT VỜI</h3>
<ul>
 	<li>Tư vấn và hỗ trợ sắp xếp không gian theo yêu cầu của khách hàng</li>
 	<li>Có phòng thiền trà - tea break riêng rất ấm cúng.</li>
 	<li>Ưu đãi chi phí nếu thuê nhiều ngày</li>
</ul>
<h3>BẢNG GIÁ THUÊ PHÒNG</h3>
<ul>
 	<li>Thông tin: Phòng dạy học diện tích 50m2 (Sức chứa 40-50 người) và phòng thiền trà để sinh hoạt chung 45m2</li>
 	<li>Giá thuê: 450 ngàn/giờ. Giá thuê đặc biệt ưu đãi khi thuê trên 1 ngày.</li>
 	<li>Liên hệ chi tiết Mrs Thảo 0962387575.</li>
</ul>
<h3>HÌNH ẢNH THỰC TẾ</h3>
<figure><img src=""http://gieoduyen.vn/wp-content/uploads/2019/09/phong-dao-tao-cho-thue-4-1024x768.jpg"" sizes=""(max-width: 900px) 100vw, 900px"" srcset=""https://gieoduyen.vn/wp-content/uploads/2019/09/phong-dao-tao-cho-thue-4-1024x768.jpg 1024w, https://gieoduyen.vn/wp-content/uploads/2019/09/phong-dao-tao-cho-thue-4-300x225.jpg 300w, https://gieoduyen.vn/wp-content/uploads/2019/09/phong-dao-tao-cho-thue-4-768x576.jpg 768w, https://gieoduyen.vn/wp-content/uploads/2019/09/phong-dao-tao-cho-thue-4-1200x900.jpg 1200w"" alt="""" width=""900"" height=""675"" /><figcaption>Lối vào hội trường rất thơ mộng tạo không gian ấm áp cho các chương trình tìm về chính mình</figcaption></figure>
<img src=""http://gieoduyen.vn/wp-content/uploads/2019/10/cho-thue-phong-dao-tao-chuyen-nghiep-tai-quan-1-tphcm-17-1024x768.jpg"" sizes=""(max-width: 900px) 100vw, 900px"" srcset=""https://gieoduyen.vn/wp-content/uploads/2019/10/cho-thue-phong-dao-tao-chuyen-nghiep-tai-quan-1-tphcm-17-1024x768.jpg 1024w, https://gieoduyen.vn/wp-content/uploads/2019/10/cho-thue-phong-dao-tao-chuyen-nghiep-tai-quan-1-tphcm-17-300x225.jpg 300w, https://gieoduyen.vn/wp-content/uploads/2019/10/cho-thue-phong-dao-tao-chuyen-nghiep-tai-quan-1-tphcm-17-768x576.jpg 768w"" alt="""" width=""900"" height=""675"" />
<img src=""http://gieoduyen.vn/wp-content/uploads/2019/10/cho-thue-phong-dao-tao-chuyen-nghiep-tai-quan-1-tphcm-22-1024x768.jpg"" sizes=""(max-width: 900px) 100vw, 900px"" srcset=""https://gieoduyen.vn/wp-content/uploads/2019/10/cho-thue-phong-dao-tao-chuyen-nghiep-tai-quan-1-tphcm-22-1024x768.jpg 1024w, https://gieoduyen.vn/wp-content/uploads/2019/10/cho-thue-phong-dao-tao-chuyen-nghiep-tai-quan-1-tphcm-22-300x225.jpg 300w, https://gieoduyen.vn/wp-content/uploads/2019/10/cho-thue-phong-dao-tao-chuyen-nghiep-tai-quan-1-tphcm-22-768x576.jpg 768w"" alt="""" width=""900"" height=""675"" />
<img src=""http://gieoduyen.vn/wp-content/uploads/2019/10/phong-hoi-thao-cho-thue-3-1024x1024.jpg"" sizes=""(max-width: 900px) 100vw, 900px"" srcset=""https://gieoduyen.vn/wp-content/uploads/2019/10/phong-hoi-thao-cho-thue-3-1024x1024.jpg 1024w, https://gieoduyen.vn/wp-content/uploads/2019/10/phong-hoi-thao-cho-thue-3-150x150.jpg 150w, https://gieoduyen.vn/wp-content/uploads/2019/10/phong-hoi-thao-cho-thue-3-300x300.jpg 300w, https://gieoduyen.vn/wp-content/uploads/2019/10/phong-hoi-thao-cho-thue-3-768x768.jpg 768w, https://gieoduyen.vn/wp-content/uploads/2019/10/phong-hoi-thao-cho-thue-3.jpg 1280w"" alt="""" width=""900"" height=""900"" />
<img src=""http://gieoduyen.vn/wp-content/uploads/2019/10/phong-hoi-thao-cho-thue-quan-1-1024x1024.jpg"" sizes=""(max-width: 900px) 100vw, 900px"" srcset=""https://gieoduyen.vn/wp-content/uploads/2019/10/phong-hoi-thao-cho-thue-quan-1-1024x1024.jpg 1024w, https://gieoduyen.vn/wp-content/uploads/2019/10/phong-hoi-thao-cho-thue-quan-1-150x150.jpg 150w, https://gieoduyen.vn/wp-content/uploads/2019/10/phong-hoi-thao-cho-thue-quan-1-300x300.jpg 300w, https://gieoduyen.vn/wp-content/uploads/2019/10/phong-hoi-thao-cho-thue-quan-1-768x768.jpg 768w, https://gieoduyen.vn/wp-content/uploads/2019/10/phong-hoi-thao-cho-thue-quan-1.jpg 1279w"" alt="""" width=""900"" height=""900"" />
<img src=""http://gieoduyen.vn/wp-content/uploads/2019/07/cho-thue-phong-dao-tao-chuyen-nghiep-tai-quan-1-tphcm-12-1024x768.jpg"" sizes=""(max-width: 900px) 100vw, 900px"" srcset=""https://gieoduyen.vn/wp-content/uploads/2019/07/cho-thue-phong-dao-tao-chuyen-nghiep-tai-quan-1-tphcm-12-1024x768.jpg 1024w, https://gieoduyen.vn/wp-content/uploads/2019/07/cho-thue-phong-dao-tao-chuyen-nghiep-tai-quan-1-tphcm-12-300x225.jpg 300w, https://gieoduyen.vn/wp-content/uploads/2019/07/cho-thue-phong-dao-tao-chuyen-nghiep-tai-quan-1-tphcm-12-768x576.jpg 768w, https://gieoduyen.vn/wp-content/uploads/2019/07/cho-thue-phong-dao-tao-chuyen-nghiep-tai-quan-1-tphcm-12-1200x900.jpg 1200w, https://gieoduyen.vn/wp-content/uploads/2019/07/cho-thue-phong-dao-tao-chuyen-nghiep-tai-quan-1-tphcm-12.jpg 1280w"" alt="""" width=""900"" height=""675"" />
<img src=""http://gieoduyen.vn/wp-content/uploads/2019/10/cho-thue-phong-dao-tao-chuyen-nghiep-tai-quan-1-tphcm-19-1024x768.jpg"" sizes=""(max-width: 900px) 100vw, 900px"" srcset=""https://gieoduyen.vn/wp-content/uploads/2019/10/cho-thue-phong-dao-tao-chuyen-nghiep-tai-quan-1-tphcm-19-1024x768.jpg 1024w, https://gieoduyen.vn/wp-content/uploads/2019/10/cho-thue-phong-dao-tao-chuyen-nghiep-tai-quan-1-tphcm-19-300x225.jpg 300w, https://gieoduyen.vn/wp-content/uploads/2019/10/cho-thue-phong-dao-tao-chuyen-nghiep-tai-quan-1-tphcm-19-768x576.jpg 768w"" alt="""" width=""900"" height=""675"" />
<figure><img src=""http://gieoduyen.vn/wp-content/uploads/2019/10/cho-thue-phong-dao-tao-chuyen-nghiep-tai-quan-1-tphcm-23.jpg"" alt=""cho-thue-phong-dao-tao-chuyen-nghiep-tai-quan-1-tphcm-23"" /></figure>
<figure><img src=""http://gieoduyen.vn/wp-content/uploads/2019/10/cho-thue-phong-dao-tao-chuyen-nghiep-tai-quan-1-tphcm-24.jpg"" alt=""cho-thue-phong-dao-tao-chuyen-nghiep-tai-quan-1-tphcm-24"" /></figure>
<figure><img src=""http://gieoduyen.vn/wp-content/uploads/2019/10/cho-thue-phong-dao-tao-chuyen-nghiep-tai-quan-1-tphcm-22.jpg"" alt=""cho-thue-phong-dao-tao-chuyen-nghiep-tai-quan-1-tphcm-22"" /></figure>
<figure><img src=""http://gieoduyen.vn/wp-content/uploads/2019/10/cho-thue-phong-dao-tao-chuyen-nghiep-tai-quan-1-tphcm-21.jpg"" alt=""cho-thue-phong-dao-tao-chuyen-nghiep-tai-quan-1-tphcm-21"" /></figure>
<figure><img src=""http://gieoduyen.vn/wp-content/uploads/2019/10/cho-thue-phong-dao-tao-chuyen-nghiep-tai-quan-1-tphcm-20.jpg"" alt=""cho-thue-phong-dao-tao-chuyen-nghiep-tai-quan-1-tphcm-20"" /></figure>
<figure><img src=""http://gieoduyen.vn/wp-content/uploads/2019/10/cho-thue-phong-dao-tao-chuyen-nghiep-tai-quan-1-tphcm-19.jpg"" alt=""cho-thue-phong-dao-tao-chuyen-nghiep-tai-quan-1-tphcm-19"" /></figure>
<figure><img src=""http://gieoduyen.vn/wp-content/uploads/2019/10/cho-thue-phong-dao-tao-chuyen-nghiep-tai-quan-1-tphcm-18.jpg"" alt=""cho-thue-phong-dao-tao-chuyen-nghiep-tai-quan-1-tphcm-18"" /></figure>
<figure><img src=""http://gieoduyen.vn/wp-content/uploads/2019/10/cho-thue-phong-dao-tao-chuyen-nghiep-tai-quan-1-tphcm-17.jpg"" alt=""cho-thue-phong-dao-tao-chuyen-nghiep-tai-quan-1-tphcm-17"" /></figure>
<figure><img src=""http://gieoduyen.vn/wp-content/uploads/2019/10/cho-thue-phong-dao-tao-chuyen-nghiep-tai-quan-1-tphcm-16.jpg"" alt=""cho-thue-phong-dao-tao-chuyen-nghiep-tai-quan-1-tphcm-16"" /></figure>
<figure><img src=""http://gieoduyen.vn/wp-content/uploads/2019/10/cho-thue-phong-dao-tao-chuyen-nghiep-tai-quan-1-tphcm-15.jpg"" alt=""cho-thue-phong-dao-tao-chuyen-nghiep-tai-quan-1-tphcm-15"" /></figure>
<figure><img src=""http://gieoduyen.vn/wp-content/uploads/2019/07/cho-thue-phong-dao-tao-chuyen-nghiep-tai-quan-1-tphcm-2.jpg"" alt=""cho-thue-phong-dao-tao-chuyen-nghiep-tai-quan-1-tphcm-2"" /></figure>
<figure><img src=""http://gieoduyen.vn/wp-content/uploads/2019/07/cho-thue-phong-dao-tao-chuyen-nghiep-tai-quan-1-tphcm-3.jpg"" alt=""cho-thue-phong-dao-tao-chuyen-nghiep-tai-quan-1-tphcm-3"" /></figure>
<figure><img src=""http://gieoduyen.vn/wp-content/uploads/2019/07/cho-thue-phong-dao-tao-chuyen-nghiep-tai-quan-1-tphcm-4.jpg"" alt=""cho-thue-phong-dao-tao-chuyen-nghiep-tai-quan-1-tphcm-4"" /></figure>
<figure><img src=""http://gieoduyen.vn/wp-content/uploads/2019/07/cho-thue-phong-dao-tao-chuyen-nghiep-tai-quan-1-tphcm-12.jpg"" alt=""cho-thue-phong-dao-tao-chuyen-nghiep-tai-quan-1-tphcm-12"" /></figure>
<figure><img src=""http://gieoduyen.vn/wp-content/uploads/2019/07/cho-thue-phong-dao-tao-chuyen-nghiep-tai-quan-1-tphcm-11.jpg"" alt=""cho-thue-phong-dao-tao-chuyen-nghiep-tai-quan-1-tphcm-11"" /></figure>
<figure><img src=""http://gieoduyen.vn/wp-content/uploads/2019/07/cho-thue-phong-dao-tao-chuyen-nghiep-tai-quan-1-tphcm-10.jpg"" alt=""cho-thue-phong-dao-tao-chuyen-nghiep-tai-quan-1-tphcm-10"" /></figure>
<figure><img src=""http://gieoduyen.vn/wp-content/uploads/2019/07/cho-thue-phong-dao-tao-chuyen-nghiep-tai-quan-1-tphcm-9.jpg"" alt=""cho-thue-phong-dao-tao-chuyen-nghiep-tai-quan-1-tphcm-9"" /></figure>
<figure><img src=""http://gieoduyen.vn/wp-content/uploads/2019/07/cho-thue-phong-dao-tao-chuyen-nghiep-tai-quan-1-tphcm-8.jpg"" alt=""cho-thue-phong-dao-tao-chuyen-nghiep-tai-quan-1-tphcm-8"" /></figure>
<figure><img src=""http://gieoduyen.vn/wp-content/uploads/2019/09/phong-dao-tao-cho-thue-2.jpg"" alt=""phong-dao-tao-cho-thue-2"" /></figure>
<figure><img src=""http://gieoduyen.vn/wp-content/uploads/2019/09/phong-dao-tao-cho-thue-5.jpg"" alt=""phong-dao-tao-cho-thue-5"" /></figure>
<figure><img src=""http://gieoduyen.vn/wp-content/uploads/2019/09/phong-dao-tao-cho-thue-3.jpg"" alt=""phong-dao-tao-cho-thue-3"" /></figure>
<figure><img src=""http://gieoduyen.vn/wp-content/uploads/2019/09/phong-dao-tao-cho-thue-6.jpg"" alt=""khoi-nghiep-inner-story-nguyen-thi-hong-kieu-9"" /></figure>
<figure><img src=""http://gieoduyen.vn/wp-content/uploads/2019/07/cho-thue-phong-dao-tao-chuyen-nghiep-tai-quan-1-tphcm-14.jpg"" alt=""khoi-nghiep-inner-story-nguyen-thi-hong-kieu-5"" /></figure>
<figure><img src=""http://gieoduyen.vn/wp-content/uploads/2019/07/cho-thue-phong-dao-tao-chuyen-nghiep-tai-quan-1-tphcm-1.jpg"" alt=""khoi-nghiep-inner-story-nguyen-thi-hong-kieu-3"" /></figure>
<figure><img src=""http://gieoduyen.vn/wp-content/uploads/2019/07/cho-thue-phong-dao-tao-chuyen-nghiep-tai-quan-1-tphcm-13.jpg"" alt=""cho-thue-phong-dao-tao-chuyen-nghiep-tai-quan-1-tphcm-13"" /></figure>
<figure><img src=""http://gieoduyen.vn/wp-content/uploads/2019/07/cho-thue-phong-dao-tao-chuyen-nghiep-tai-quan-1-tphcm-7.jpg"" alt=""cho-thue-phong-dao-tao-chuyen-nghiep-tai-quan-1-tphcm-7"" /></figure>
<figure><img src=""http://gieoduyen.vn/wp-content/uploads/2019/09/phong-dao-tao-cho-thue-1.jpg"" alt=""khoi-nghiep-inner-story-nguyen-thi-hong-kieu-8"" /></figure>
Previous
Next
<h2>BẠN CÓ THỂ LIÊN HỆ ĐIỆN THOẠI HOẶC ZALO
THEO THÔNG TIN SAU:</h2>
<ul>
 	<li>Điện thoại: 0962387575 (Ms Thảo)</li>
 	<li>Email: phongdaotaochothue@gmail.com</li>
 	<li>Địa chỉ: Tòa nhà VPG, Tầng 1, 01 Trần Khánh Dư, P.Tân Định, Q.1, TP.HCM (Từ Trần Quang Khai đi vào Trần Nhật Duật, ngay ngã tư Trần Nhật Duật và Trần Khánh Dư)</li>
</ul>
Chúc bạn luôn an vui và cảm nghiệm sự hạnh phúc trong từng phút giây của cuộc sống nhé!"
929,"Tại sao gối ngồi thiền vỏ đậu xanh hỗ trợ bạn ngồi thiền tốt nhất?","<p>Thiền định là cách tuyệt vời để kết nối với nguồn năng lượng vô tận của vũ trụ, mở ra cánh cổng của trí tuệ và làm sạch cơ thể, giúp con người bước lên một nấc thang cao hơn của sự phát triển trong cuộc đời của chính mình.</p>		
		<img width=""417"" height=""500"" src=""http://gieoduyen.vn/wp-content/uploads/2019/08/goi-ngoi-thien-vo-dau-xanh-6.jpg"" alt="""" srcset=""http://gieoduyen.vn/wp-content/uploads/2019/08/goi-ngoi-thien-vo-dau-xanh-6.jpg 417w, http://gieoduyen.vn/wp-content/uploads/2019/08/goi-ngoi-thien-vo-dau-xanh-6-250x300.jpg 250w"" sizes=""(max-width: 417px) 100vw, 417px"" />		
		<p>Gối ngồi thiền (hay bồ đoàn) vỏ đậu xanh sẽ hỗ trợ rất nhiều cho việc điều chỉnh tư thế ngồi thiền đúng, giúp người hành thiền thoải mái, dễ nhập định và nhận được nhiều lợi ích hơn của thiền định. </p>		
		<img width=""254"" height=""327"" src=""http://gieoduyen.vn/wp-content/uploads/2019/08/goi-ngoi-thien-vo-dau-xanh-1.jpg"" alt="""" srcset=""http://gieoduyen.vn/wp-content/uploads/2019/08/goi-ngoi-thien-vo-dau-xanh-1.jpg 254w, http://gieoduyen.vn/wp-content/uploads/2019/08/goi-ngoi-thien-vo-dau-xanh-1-233x300.jpg 233w"" sizes=""(max-width: 254px) 100vw, 254px"" />		
		<img width=""740"" height=""553"" src=""http://gieoduyen.vn/wp-content/uploads/2019/08/goi-ngoi-thien-vo-dau-xanh-4.jpg"" alt="""" srcset=""http://gieoduyen.vn/wp-content/uploads/2019/08/goi-ngoi-thien-vo-dau-xanh-4.jpg 740w, http://gieoduyen.vn/wp-content/uploads/2019/08/goi-ngoi-thien-vo-dau-xanh-4-300x224.jpg 300w"" sizes=""(max-width: 740px) 100vw, 740px"" />		
		<img width=""620"" height=""451"" src=""http://gieoduyen.vn/wp-content/uploads/2019/08/goi-ngoi-thien-vo-dau-xanh-3.jpg"" alt="""" srcset=""http://gieoduyen.vn/wp-content/uploads/2019/08/goi-ngoi-thien-vo-dau-xanh-3.jpg 620w, http://gieoduyen.vn/wp-content/uploads/2019/08/goi-ngoi-thien-vo-dau-xanh-3-300x218.jpg 300w"" sizes=""(max-width: 620px) 100vw, 620px"" />		
                <h3>
                    Gối ngồi thiền vỏ đậu xanh khác biệt gì?
                </h3>
                <p>Chiếc gối ngồi thiền vỏ đậu xanh đặc biệt này là món quà đặc biệt cho các thiền sinh bởi những đặc điểm thiết kế tối ưu, chuyên cho việc thực hành thiền định của nó:
</p>
                <h3>
                    Lõi từ 100% vỏ đậu xanh tự nhiên
                </h3>
                <p>Phù hợp với bất cứ tư thế ngồi thiền nào. Các hạt vỏ đậu xanh tự động di chuyển theo cử động khi ngồi để phù hợp cấu tạo cơ thể như đang ngồi trên cát, tư thế ngồi sẽ được cân bằng, vững chắc và thoải mái.</p>
                <h3>
                    Bảo vệ sức khoẻ
                </h3>
                <p>Tư thế ngồi đúng và cân bằng khi ngồi gối làm hạn chế căng cơ vùng đùi, lưng và giảm áp lực cho xương châu khi ngồi lâu.</p>
                <h3>
                    Thiết kế thoáng khí
                </h3>
                <p>Nhờ liên kết rỗng giữa các hạt vỏ đậu cho phép không khí lưu thông tối đa xung quanh gối thiền tạo sự thoáng mát và dễ chịu khi ngồi lâu, không bị bí và nóng.
</p>
                <h3>
                    Di chuyển thuận tiện
                </h3>
                <p>Hai bên hông có quai xách may chắc chắn để dễ dàng mang đi khi xa. </p>
                <h3>
                    Điều chỉnh dễ dàng
                </h3>
                <p>Thiết kế khoá kéo dễ dàng thêm hoặc bớt vỏ đậu để điều chỉnh độ cao hay thấp, mềm hay cứng theo ý muốn.</p>
                <h3>
                    Thời gian sử dụng lâu
                </h3>
                <p>Vải kaki cotton dày và chắc chắn, hạt vỏ đậu xanh không bị nén xẹp, nhờ vậy mà thời gian sử dụng có thể lên tới 3-5 năm.
</p>
                <h3>
                    Vệ sinh đơn giản
                </h3>
                <p>Gối ngồi thiền vỏ đậu xanh này có hai lớp, áo gối và ruột, để vệ sinh chỉ cần lấy ruột gối ra phơi nắng và giặt sạch áo gối.
</p>
                <h3>
                    An toàn cho người sử dụng
                </h3>
                <p>Nguồn vỏ đậu xanh được lựa chọn rất kỹ càng, nguồn gốc rõ ràng. Quy trình sản xuất công nghệ cao loại bỏ các tạp chất, bụi bẩn, vỏ đậu xanh được kiểm nghiệm hàng năm tại viện Pasteur - TPHCM. 
Sản phẩm được công bố chất lượng theo tiêu chuẩn TCCL:01/DAT/2008 và Chứng nhận đạt tiêu chuẩn HVNCLC đạt tiêu chuẩn năm 2013</p>
		<p>Bạn có thể sẽ cần mua thêm toạ cụ cho mình nếu muốn phần chân được nâng đỡ tốt hơn. Toạ cụ có lõi là mút tốt, giúp 2 đầu gối có điểm tựa vững vàng, khớp gối không bị chèn ép gây đau, giúp bạn hành thiền nhẹ nhàng hơn.</p>		
		<img width=""900"" height=""900"" src=""http://gieoduyen.vn/wp-content/uploads/2019/08/goi-ngoi-thien-vo-dau-xanh-9-1024x1024.jpg"" alt="""" srcset=""http://gieoduyen.vn/wp-content/uploads/2019/08/goi-ngoi-thien-vo-dau-xanh-9-1024x1024.jpg 1024w, http://gieoduyen.vn/wp-content/uploads/2019/08/goi-ngoi-thien-vo-dau-xanh-9-150x150.jpg 150w, http://gieoduyen.vn/wp-content/uploads/2019/08/goi-ngoi-thien-vo-dau-xanh-9-300x300.jpg 300w, http://gieoduyen.vn/wp-content/uploads/2019/08/goi-ngoi-thien-vo-dau-xanh-9-768x768.jpg 768w, http://gieoduyen.vn/wp-content/uploads/2019/08/goi-ngoi-thien-vo-dau-xanh-9-1200x1200.jpg 1200w, http://gieoduyen.vn/wp-content/uploads/2019/08/goi-ngoi-thien-vo-dau-xanh-9.jpg 1280w"" sizes=""(max-width: 900px) 100vw, 900px"" />		
                <h3>
                    Giá của sản phẩm
                </h3>
                <p></p>
					<ul>
							<li >
										Gối ngồi thiền vỏ đậu xanh: 275k
									</li>
								<li >
										Toạ cụ: 250k
									</li>
								<li >
										Freeship nội thành Sài Gòn
									</li>
								<li >
										Có chính sách sỉ (liên hệ để biết thông tin cụ thể)
									</li>
						</ul>
                <h3>
                    Thông tin liên hệ
                </h3>
                <p>Ms. Hồng Kiều: 0907796268</p>"
999,"Elementor #999",
1103,"Thực hành chánh niệm và thiền định ở 370 trường học tại nước Anh",
1104,"Thực hành chánh niệm và thiền định ở 370 trường học tại nước Anh","<p>Thường thì khi các con nghịch phá hay la hét, là bởi vì các con đang chưa hiểu mình đang trải qua điều gì và cũng không biết cách nào tốt hơn để giải phóng năng lượng của chúng.</p><p>Khi trẻ em nghịch, bạn cần hiểu rằng con đang phải nỗ lực để hiểu được những cảm xúc phức tạp và hỗn loạn ở bên trong mà lần đầu trong đời con được trải nghiệm.</p><p>Nhiều trường ở nước Anh đang bắt đầu đối diện với vấn đề này theo 1 cách mới, đó là mở những lớp học dạy chánh niệm (sự tỉnh thức) và thiền định để giúp các bé có thể nâng cao sức khoẻ tinh thần một cách toàn diện.</p><p>Ở 370 trường trên đất nước này, trẻ em được dạy cách để thiền và những kỹ thuật để thư giãn cơ bắp và cách thở để tập trung chánh niệm. Học sinh các trường cấp 2 còn được học nhiều bài thực hành để hiểu về sự tỉnh thức và nâng cao điều đó mỗi ngày. Chương trình này được thực hiện trong khuôn khổ một nghiên cứu về sức khoẻ tinh thần của chính phủ Anh tới năm 2021.</p>		
		<img width=""768"" height=""480"" src=""http://gieoduyen.vn/wp-content/uploads/2019/10/thuc-hanh-chanh-niem-va-thien-dinh-o-370-truong-hoc-tai-nuoc-anh-2.jpg"" alt="""" srcset=""http://gieoduyen.vn/wp-content/uploads/2019/10/thuc-hanh-chanh-niem-va-thien-dinh-o-370-truong-hoc-tai-nuoc-anh-2.jpg 768w, http://gieoduyen.vn/wp-content/uploads/2019/10/thuc-hanh-chanh-niem-va-thien-dinh-o-370-truong-hoc-tai-nuoc-anh-2-300x188.jpg 300w"" sizes=""(max-width: 768px) 100vw, 768px"" />		
		<p>Ngoài việc số lượng trẻ nhỏ thể hiện những dấu hiệu đầu tiên của trầm cảm và lo âu đang ngày càng tăng lên, báo cáo của NHS còn cho thấy ⅛ trẻ em nước Anh bị rối loạn tâm thần. Dù vậy, chỉ khoảng ⅕ trẻ em có những vấn đề về tinh thành được điều trị.</p><p>Nước Anh không phải là nước duy nhất đưa việc giáo dục về chánh niệm vào trong các trường học. Năm 2016, một trường ở Baltimore đã quyết định thay việc cấm túc bằng cách tạo ra 1 khu vực mà ở đó trẻ em có thể thực hành cách thở thiền và tập giãn cơ. Đây là cách để giúp cho các em được bình tâm và có thể tập trung hơn khi học tập.</p>"
1258,"Phòng Sinh Hoạt Cộng Đồng","Gieo duyên cùng cả nhà không gian được thiết kế ấm áp và nhiều năng lượng dành cho workshop, nhóm luyện thiền, tổ chức các hội thảo chia sẻ về Thân - Tâm - Trí.

Tại nơi này đã tổ chức nhiều chương trình trao yêu thương nên năng lượng rất tốt, cảm giác được thư giãn khi kết nối cùng nhau tại không gian sinh hoạt tại tầng 1 tòa nhà VPG số 01 Trần Khánh Dư, Q.1, P.Tân Định, TP.HCM.

Khu này năng lượng thiện lành và tiện ích ngay trung tâm quận 1 mà rất yên tĩnh cùng với nhiều quán ăn thực dưỡng, cây xanh xung quanh rất mát mẻ.

Trang thiết bị đào tạo đầy đủ chuyên nghiệp, hỗ trợ nước uống nóng lạnh miễn phí, có phòng thiền trà tĩnh tâm khi tổ chức các chương trình dài ngày.
<figure><img src=""http://gieoduyen.vn/wp-content/uploads/2019/09/phong-dao-tao-cho-thue-4-1024x768.jpg"" sizes=""(max-width: 900px) 100vw, 900px"" srcset=""https://gieoduyen.vn/wp-content/uploads/2019/09/phong-dao-tao-cho-thue-4-1024x768.jpg 1024w, https://gieoduyen.vn/wp-content/uploads/2019/09/phong-dao-tao-cho-thue-4-300x225.jpg 300w, https://gieoduyen.vn/wp-content/uploads/2019/09/phong-dao-tao-cho-thue-4-768x576.jpg 768w, https://gieoduyen.vn/wp-content/uploads/2019/09/phong-dao-tao-cho-thue-4-1200x900.jpg 1200w"" alt="""" width=""900"" height=""675"" /><figcaption>Lối vào hội trường sinh động</figcaption></figure>
<figure><img src=""http://gieoduyen.vn/wp-content/uploads/2019/10/cho-thue-phong-dao-tao-chuyen-nghiep-tai-quan-1-tphcm-22-1024x768.jpg"" sizes=""(max-width: 900px) 100vw, 900px"" srcset=""https://gieoduyen.vn/wp-content/uploads/2019/10/cho-thue-phong-dao-tao-chuyen-nghiep-tai-quan-1-tphcm-22-1024x768.jpg 1024w, https://gieoduyen.vn/wp-content/uploads/2019/10/cho-thue-phong-dao-tao-chuyen-nghiep-tai-quan-1-tphcm-22-300x225.jpg 300w, https://gieoduyen.vn/wp-content/uploads/2019/10/cho-thue-phong-dao-tao-chuyen-nghiep-tai-quan-1-tphcm-22-768x576.jpg 768w, https://gieoduyen.vn/wp-content/uploads/2019/10/cho-thue-phong-dao-tao-chuyen-nghiep-tai-quan-1-tphcm-22.jpg 2048w"" alt="""" width=""900"" height=""675"" /><figcaption>Phòng hội thảo</figcaption></figure>
<figure><img src=""http://gieoduyen.vn/wp-content/uploads/2019/11/phong-hoi-thao-cho-thue-4-1024x768.jpg"" sizes=""(max-width: 900px) 100vw, 900px"" srcset=""https://gieoduyen.vn/wp-content/uploads/2019/11/phong-hoi-thao-cho-thue-4-1024x768.jpg 1024w, https://gieoduyen.vn/wp-content/uploads/2019/11/phong-hoi-thao-cho-thue-4-300x225.jpg 300w, https://gieoduyen.vn/wp-content/uploads/2019/11/phong-hoi-thao-cho-thue-4-768x576.jpg 768w, https://gieoduyen.vn/wp-content/uploads/2019/11/phong-hoi-thao-cho-thue-4.jpg 2048w"" alt="""" width=""900"" height=""675"" /><figcaption>Phòng thiền và workshop</figcaption></figure>
<figure><img src=""http://gieoduyen.vn/wp-content/uploads/2019/09/phong-dao-tao-cho-thue-1-1024x768.jpg"" sizes=""(max-width: 900px) 100vw, 900px"" srcset=""https://gieoduyen.vn/wp-content/uploads/2019/09/phong-dao-tao-cho-thue-1-1024x768.jpg 1024w, https://gieoduyen.vn/wp-content/uploads/2019/09/phong-dao-tao-cho-thue-1-300x225.jpg 300w, https://gieoduyen.vn/wp-content/uploads/2019/09/phong-dao-tao-cho-thue-1-768x576.jpg 768w, https://gieoduyen.vn/wp-content/uploads/2019/09/phong-dao-tao-cho-thue-1-1200x900.jpg 1200w"" alt="""" width=""900"" height=""675"" /><figcaption>Workshop tương tác nhóm</figcaption></figure>
<h3>HỖ TRỢ CỘNG ĐỒNG</h3>
Các nhóm thiện nguyện, nhóm luyện thiền, ôn tập NLP được hỗ trợ mượn phòng với chi phí đóng góp tùy tâm.
<ul>
 	<li>Hỗ trợ cho mượn phòng tùy tâm đóng góp cho các nhóm thiện nguyện.</li>
 	<li>Ưu đãi hấp dẫn cho học sinh, sinh viên</li>
 	<li>Hỗ trợ mượn phòng chi phí tùy tâm cho các giảng viên dạy miễn phí cho sinh viên, học sinh, trẻ em nghèo</li>
</ul>
<h3>WORKSHOP HÀNG TUẦN</h3>
Ban tổ chức Gieo duyên tạo ra các chương trình workshop hàng tuần để giúp cộng đồng sống hạnh phúc trong từng phút giây của cuộc sống.
<ul>
 	<li>Workshop mẹ và bé cùng tham gia: Thai giáo, Giáo dục sớm, Cha mẹ thấu hiểu,...</li>
 	<li>Quản trị cảm xúc dành cho mom đang nuôi con nhỏ</li>
 	<li>Work về sự thật tâm linh.</li>
 	<li>Chi phí đóng góp sinh hoạt tùy tâm.</li>
</ul>
<h3>NHÓM LUYỆN THIỀN</h3>
Tôi có duyên lành được trải nghiệm thiền và nay tôi phát tâm tạo ra không gian thiền trà để sinh hoạt cho cộng đồng.
<ul>
 	<li>Tổ chức hàng tuần. Đăng ký để nhận lịch cụ thể ạ.</li>
 	<li>Nhóm sinh hoạt 20-30 người.</li>
 	<li>Tùy vào đối tượng đã luyện thiền hay mới sẽ phân vào nhóm phù hợp.</li>
 	<li>Chi phí đóng góp sinh hoạt tùy tâm.</li>
</ul>
<h3>NHÓM ÔN TẬP NLP</h3>
Là nơi kết nối những người đã từng học và thực hành NLP để bạn có thể chia sẻ và kết nối cùng nhau.
<ul>
 	<li>Tổ chức hàng tuần. Đăng ký để nhận lịch cụ thể ạ.</li>
 	<li>Nhóm sinh hoạt 20-30 người.</li>
 	<li>Người đã học và thực hành tốt chia sẻ cho người mới.</li>
 	<li>Chi phí đóng góp sinh hoạt tùy tâm.</li>
</ul>
<h2>CÓ NHIỀU CÁCH BỐ TRÍ CHO KHÔNG GIAN WORKSHOP TẠI ĐÂY</h2>
<img src=""http://gieoduyen.vn/wp-content/uploads/2019/12/cho-thue-phong-hoi-thao-1024x473.jpeg"" sizes=""(max-width: 900px) 100vw, 900px"" srcset=""https://gieoduyen.vn/wp-content/uploads/2019/12/cho-thue-phong-hoi-thao-1024x473.jpeg 1024w, https://gieoduyen.vn/wp-content/uploads/2019/12/cho-thue-phong-hoi-thao-300x139.jpeg 300w, https://gieoduyen.vn/wp-content/uploads/2019/12/cho-thue-phong-hoi-thao-768x355.jpeg 768w, https://gieoduyen.vn/wp-content/uploads/2019/12/cho-thue-phong-hoi-thao-1536x710.jpeg 1536w, https://gieoduyen.vn/wp-content/uploads/2019/12/cho-thue-phong-hoi-thao-2048x946.jpeg 2048w"" alt="""" width=""900"" height=""416"" />
<img src=""http://gieoduyen.vn/wp-content/uploads/2019/12/phong-sinh-hoat-cong-dong-1-1024x525.jpg"" sizes=""(max-width: 900px) 100vw, 900px"" srcset=""https://gieoduyen.vn/wp-content/uploads/2019/12/phong-sinh-hoat-cong-dong-1-1024x525.jpg 1024w, https://gieoduyen.vn/wp-content/uploads/2019/12/phong-sinh-hoat-cong-dong-1-300x154.jpg 300w, https://gieoduyen.vn/wp-content/uploads/2019/12/phong-sinh-hoat-cong-dong-1-768x394.jpg 768w, https://gieoduyen.vn/wp-content/uploads/2019/12/phong-sinh-hoat-cong-dong-1-1536x787.jpg 1536w, https://gieoduyen.vn/wp-content/uploads/2019/12/phong-sinh-hoat-cong-dong-1-2048x1050.jpg 2048w"" alt="""" width=""900"" height=""461"" />
<figure><img src=""http://gieoduyen.vn/wp-content/uploads/2019/11/phong-hoi-thao-cho-thue-4-300x225.jpg"" alt=""phong-hoi-thao-cho-thue-4"" /></figure>
<figure><img src=""http://gieoduyen.vn/wp-content/uploads/2019/10/inner-story-be-yourself-300x225.jpg"" alt=""khoi-nghiep-inner-story-nguyen-thi-hong-kieu-4"" /></figure>
<figure><img src=""http://gieoduyen.vn/wp-content/uploads/2019/08/thien-Vipassana-4-1-300x225.jpg"" alt=""thien-Vipassana-4"" /></figure>
<figure><img src=""http://gieoduyen.vn/wp-content/uploads/2019/07/cho-thue-phong-dao-tao-chuyen-nghiep-tai-quan-1-tphcm-14-300x225.jpg"" alt=""khoi-nghiep-inner-story-nguyen-thi-hong-kieu-5"" /></figure>
<figure><img src=""http://gieoduyen.vn/wp-content/uploads/2019/07/cho-thue-phong-dao-tao-chuyen-nghiep-tai-quan-1-tphcm-11-300x169.jpg"" alt=""cho-thue-phong-dao-tao-chuyen-nghiep-tai-quan-1-tphcm-11"" /></figure>
<figure><img src=""http://gieoduyen.vn/wp-content/uploads/2019/07/cho-thue-phong-dao-tao-chuyen-nghiep-tai-quan-1-tphcm-12-300x225.jpg"" alt=""cho-thue-phong-dao-tao-chuyen-nghiep-tai-quan-1-tphcm-12"" /></figure>
<figure><img src=""http://gieoduyen.vn/wp-content/uploads/2019/10/cho-thue-phong-dao-tao-chuyen-nghiep-tai-quan-1-tphcm-24-300x225.jpg"" alt=""cho-thue-phong-dao-tao-chuyen-nghiep-tai-quan-1-tphcm-24"" /></figure>
<figure><img src=""http://gieoduyen.vn/wp-content/uploads/2019/10/cho-thue-phong-dao-tao-chuyen-nghiep-tai-quan-1-tphcm-23-300x225.jpg"" alt=""cho-thue-phong-dao-tao-chuyen-nghiep-tai-quan-1-tphcm-23"" /></figure>
<figure><img src=""http://gieoduyen.vn/wp-content/uploads/2019/09/phong-dao-tao-cho-thue-1-300x225.jpg"" alt=""khoi-nghiep-inner-story-nguyen-thi-hong-kieu-8"" /></figure>
<figure><img src=""http://gieoduyen.vn/wp-content/uploads/2019/10/cho-thue-phong-dao-tao-chuyen-nghiep-tai-quan-1-tphcm-20-300x225.jpg"" alt=""cho-thue-phong-dao-tao-chuyen-nghiep-tai-quan-1-tphcm-20"" /></figure>
<figure><img src=""http://gieoduyen.vn/wp-content/uploads/2019/10/cho-thue-phong-dao-tao-chuyen-nghiep-tai-quan-1-tphcm-18-300x225.jpg"" alt=""cho-thue-phong-dao-tao-chuyen-nghiep-tai-quan-1-tphcm-18"" /></figure>
<figure><img src=""http://gieoduyen.vn/wp-content/uploads/2019/09/phong-dao-tao-cho-thue-6-300x225.jpg"" alt=""khoi-nghiep-inner-story-nguyen-thi-hong-kieu-9"" /></figure>
<figure><img src=""http://gieoduyen.vn/wp-content/uploads/2019/12/phong-sinh-hoat-cong-dong-1-300x154.jpg"" alt=""phong-sinh-hoat-cong-dong-1"" /></figure>
<figure><img src=""http://gieoduyen.vn/wp-content/uploads/2019/12/phong-sinh-hoat-cong-dong-2-300x104.jpg"" alt=""phong-sinh-hoat-cong-dong-2"" /></figure>
<figure><img src=""http://gieoduyen.vn/wp-content/uploads/2019/12/phong-sinh-hoat-cong-dong-3-300x139.jpg"" alt=""phong-sinh-hoat-cong-dong-3"" /></figure>
Previous
Next
<i></i><i></i><i></i><i></i><i></i> 5/5
<a role=""button"" href=""#"">
BẠN MUỐN MƯỢN PHÒNG (tùy tâm đóng góp quỹ kết nối yêu thương)
</a>
<a role=""button"" href=""https://chothuephonghoithao.vn/"">
BẠN MUỐN THUÊ PHÒNG (Click xem chi tiết giá thuê)
</a>
<a role=""button"" href=""#"">
KẾT NỐI CÙNG NHAU
</a>
<ul>
 	<li>Điện thoại/zalo: 0963800038 (gặp Hồng Kiều)</li>
 	<li>Email: gieoduyen.vn@gmail.com</li>
 	<li>Địa chỉ: Tòa nhà VPG, Tầng 1, 01 Trần Khánh Dư, P.Tân Định, Q.1, TP.HCM (Từ Trần Quang Khai đi vào Trần Nhật Duật, ngay ngã tư Trần Nhật Duật và Trần Khánh Dư)</li>
</ul>
Chúc bạn luôn an vui và cảm nghiệm sự hạnh phúc trong từng phút giây của cuộc sống nhé!

<img src=""http://gieoduyen.vn/wp-content/uploads/2019/09/hanh-phuc-1024x791.jpg"" sizes=""(max-width: 900px) 100vw, 900px"" srcset=""https://gieoduyen.vn/wp-content/uploads/2019/09/hanh-phuc-1024x791.jpg 1024w, https://gieoduyen.vn/wp-content/uploads/2019/09/hanh-phuc-300x232.jpg 300w, https://gieoduyen.vn/wp-content/uploads/2019/09/hanh-phuc-768x593.jpg 768w, https://gieoduyen.vn/wp-content/uploads/2019/09/hanh-phuc-1200x927.jpg 1200w, https://gieoduyen.vn/wp-content/uploads/2019/09/hanh-phuc.jpg 2048w"" alt="""" width=""900"" height=""695"" />"
1361,"Sử dụng công cụ Thiền phim và Point of You để giúp con nhạy bén đón nhận các thông điệp của cuộc sống và tự chữa lành","<h2>CHỦ ĐỀ WORKSHOP TUẦN NÀY: THIỀN PHIM KÍCH HOẠT YÊU THƯƠNG VÀ LÒNG BIẾT ƠN</h2>
Trẻ em được xem phim rất nhiều nhưng không phải lúc nào bé cũng biết cách nhận các thông điệp từ bộ phim. Trong khi đó thông điệp trong các bộ phim rất ý nghĩa và có mang tính chữa lành rất cao.

Bằng phương pháp <strong style=""color: #000000;"">THIỀN PHIM</strong> và công cụ <strong style=""color: #000000;"">POINT OF YOU</strong> đặc biệt, chương trình THIỀN PHIM CHO TRẺ EM chủ đề  tuần này là TÌNH YÊU VÀ LÒNG BIẾT ƠN nhân dịp năm mới sẽ giúp cho con:

&#x1f4ab; <b>Kết nối với vô thức và giúp con nhận ra các thông điệp giá trị bằng việc biết cách giải mã ngôn ngữ biểu tượng.</b>

&#x1f4ab; <b>Giúp con nhận ra giá trị cuộc sống ở mọi nơi mà con đặt chân đến.</b>

&#x1f4ab; <strong>Lấp đầy trái tim bằng tình yêu và lòng biết ơn </strong>

&#x1f4ab; <strong>Chữa lành cảm xúc</strong>

&#x1f4ab; <strong>Kích hoạt nguồn lực bên trong con</strong>

&#x1f4ab; <strong>Khám phá chính mình</strong>

<img src=""http://gieoduyen.vn/wp-content/uploads/2019/12/giup-con-lap-day-trai-tim-bang-nang-luong-cua-tinh-yeu-va-long-biet-on-1.jpg"" sizes=""(max-width: 900px) 100vw, 900px"" srcset=""https://gieoduyen.vn/wp-content/uploads/2019/12/giup-con-lap-day-trai-tim-bang-nang-luong-cua-tinh-yeu-va-long-biet-on-1.jpg 960w, https://gieoduyen.vn/wp-content/uploads/2019/12/giup-con-lap-day-trai-tim-bang-nang-luong-cua-tinh-yeu-va-long-biet-on-1-300x169.jpg 300w, https://gieoduyen.vn/wp-content/uploads/2019/12/giup-con-lap-day-trai-tim-bang-nang-luong-cua-tinh-yeu-va-long-biet-on-1-768x432.jpg 768w"" alt="""" width=""900"" height=""506"" />
<img src=""http://gieoduyen.vn/wp-content/uploads/2019/12/giup-con-lap-day-trai-tim-bang-nang-luong-cua-tinh-yeu-va-long-biet-on-text-4.png"" sizes=""(max-width: 884px) 100vw, 884px"" srcset=""https://gieoduyen.vn/wp-content/uploads/2019/12/giup-con-lap-day-trai-tim-bang-nang-luong-cua-tinh-yeu-va-long-biet-on-text-4.png 884w, https://gieoduyen.vn/wp-content/uploads/2019/12/giup-con-lap-day-trai-tim-bang-nang-luong-cua-tinh-yeu-va-long-biet-on-text-4-300x88.png 300w, https://gieoduyen.vn/wp-content/uploads/2019/12/giup-con-lap-day-trai-tim-bang-nang-luong-cua-tinh-yeu-va-long-biet-on-text-4-768x224.png 768w"" alt="""" width=""884"" height=""258"" />

<img role=""img"" draggable=""false"" src=""https://s.w.org/images/core/emoji/12.0.0-1/svg/1f49f.svg"" alt=""&#x1f49f;"" /> Ba mẹ muốn con biết cách sử dụng công cụ Thiền phim và Point of You để con nhạy bén đón nhận các thông điệp của cuộc sống và tự chữa lành

<img role=""img"" draggable=""false"" src=""https://s.w.org/images/core/emoji/12.0.0-1/svg/1f49f.svg"" alt=""&#x1f49f;"" /> Các bé từng gặp những trải nghiệm mang <strong>cảm xúc không tích cực</strong> khi nhỏ, khiến con lớn lên không kết nối tốt với ba mẹ và những người xung quanh, con khép mình, ít thổ lộ hoặc ngược lại, thể hiện những bất ổn về mặt cảm xúc, con sẽ phần nào chữa lành cảm xúc của mình trong chương trình này.

<img role=""img"" draggable=""false"" src=""https://s.w.org/images/core/emoji/12.0.0-1/svg/1f49f.svg"" alt=""&#x1f49f;"" /> Các con mà ba mẹ muốn giúp con hiểu được <strong>thông điệp của tình yêu và lòng biết ơn</strong>, để con mở lòng đón nhận những điều tốt đẹp đến với mình và sẵn sàng cho đi điều đó cho người khác.

<img role=""img"" draggable=""false"" src=""https://s.w.org/images/core/emoji/12.0.0-1/svg/1f49f.svg"" alt=""&#x1f49f;"" /> Các con mà ba mẹ muốn con khai mở những <strong>nguồn lực tuyệt vời</strong> bên trong con, để con sống có trách nhiệm, chủ động và thấu hiểu hơn.

<img role=""img"" draggable=""false"" src=""https://s.w.org/images/core/emoji/12.0.0-1/svg/1f49f.svg"" alt=""&#x1f49f;"" /> Các con mà ba mẹ nhận thấy rằng con cần<strong> rèn luyện phẩm chất</strong> của sự điềm đạm, tĩnh lặng và tỉnh thức, từ đó lấp đầy bên trong mình bằng năng lượng tuyệt vời để vượt qua những thử thách trong cuộc sống của con (như những kỳ thi, học kỹ năng mới, thay đổi môi trường… )

<img role=""img"" draggable=""false"" src=""https://s.w.org/images/core/emoji/12.0.0-1/svg/1f49f.svg"" alt=""&#x1f49f;"" /> Các con cần được phát triển sự <strong>tưởng tượng</strong> và khả năng <strong>sáng tạo</strong>.

<a role=""button"" href=""https://forms.gle/hWyKVS92VRZH2Y5m9"">
&#x2665;&#xfe0f; ĐĂNG KÝ CHO CON &#x2665;&#xfe0f;
</a>
<img src=""http://gieoduyen.vn/wp-content/uploads/2019/12/giup-con-lap-day-trai-tim-bang-nang-luong-cua-tinh-yeu-va-long-biet-on-text-5.png"" sizes=""(max-width: 877px) 100vw, 877px"" srcset=""https://gieoduyen.vn/wp-content/uploads/2019/12/giup-con-lap-day-trai-tim-bang-nang-luong-cua-tinh-yeu-va-long-biet-on-text-5.png 877w, https://gieoduyen.vn/wp-content/uploads/2019/12/giup-con-lap-day-trai-tim-bang-nang-luong-cua-tinh-yeu-va-long-biet-on-text-5-300x59.png 300w, https://gieoduyen.vn/wp-content/uploads/2019/12/giup-con-lap-day-trai-tim-bang-nang-luong-cua-tinh-yeu-va-long-biet-on-text-5-768x151.png 768w"" alt="""" width=""877"" height=""173"" />

<img role=""img"" draggable=""false"" src=""https://s.w.org/images/core/emoji/12.0.0-1/svg/2611.svg"" alt=""&#x2611;&#xfe0f;"" /> Miễn phí đào tạo chỉ thu phí tổ chức (bao gồm thuê phòng, cơm chay buổi trưa, teabreak và tài liệu trắc nghiệm tâm lí cho con): 790k/bé (Bé từ 7 tới 15 tuổi)

<img role=""img"" draggable=""false"" src=""https://s.w.org/images/core/emoji/12.0.0-1/svg/2611.svg"" alt=""&#x2611;&#xfe0f;"" /> Đăng ký 2 bé giảm còn 690k/vé

<img role=""img"" draggable=""false"" src=""https://s.w.org/images/core/emoji/12.0.0-1/svg/2611.svg"" alt=""&#x2611;&#xfe0f;"" /> Đăng ký 3 người giảm còn 590k/vé

<img role=""img"" draggable=""false"" src=""https://s.w.org/images/core/emoji/12.0.0-1/svg/2611.svg"" alt=""&#x2611;&#xfe0f;"" /> Phòng thiền phim số lượng dưới 20 bé.
<h2>&#x23f0; THỜI GIAN &#xfe0f;&#x23f0;</h2>
<ul>
 	<li>Thứ 7, ngày 28-12-2019, từ 9h-16h30</li>
 	<li>HOẶC Thứ 7, ngày 4-01-2020, từ 9h-16h30</li>
</ul>
<h2>&#x1f3ec; ĐỊA ĐIỂM &#x1f3ec;</h2>
Trung tâm đào tạo Inner Story, tầng 1, số 1 Trần Khánh Dư, P. Tân Định, Q1, TP.HCM (Khúc gần chợ Tân Định).

<a role=""button"" href=""https://forms.gle/hWyKVS92VRZH2Y5m9"">
&#x2665;&#xfe0f; ĐĂNG KÝ CHO CON &#x2665;&#xfe0f;
</a>
<img src=""http://gieoduyen.vn/wp-content/uploads/2019/12/giup-con-lap-day-trai-tim-bang-nang-luong-cua-tinh-yeu-va-long-biet-on-text-2.png"" sizes=""(max-width: 728px) 100vw, 728px"" srcset=""https://gieoduyen.vn/wp-content/uploads/2019/12/giup-con-lap-day-trai-tim-bang-nang-luong-cua-tinh-yeu-va-long-biet-on-text-2.png 728w, https://gieoduyen.vn/wp-content/uploads/2019/12/giup-con-lap-day-trai-tim-bang-nang-luong-cua-tinh-yeu-va-long-biet-on-text-2-300x59.png 300w"" alt="""" width=""728"" height=""144"" />
<h2>&#x1f49d; LẤP ĐẦY TRÁI TIM BẰNG TÌNH YÊU VÀ LÒNG BIẾT ƠN &#x1f49d;</h2>
Chương trình Thiền Phim dành cho trẻ em, với sự tinh tế và khéo léo của người dẫn dắt, sẽ “thay mặt” bạn đưa ra định hướng, giúp các con hiểu nhiều và sâu hơn những thông điệp về <strong>LÒNG BIẾT ƠN và TÌNH YÊU THƯƠNG</strong>, để các con đón nhận một cách tự nhiên và lấp đầy trái tim mình bằng thứ năng lượng tuyệt diệu ấy!

Các con sẽ <strong>TỰ KẾT NỐI</strong> với chính mình để hiểu được hàm ý của tình yêu và lòng biết ơn, để biết rằng ba mẹ đã dành cho con những điều tốt nhất trong khả năng của mình, để biết được rằng mình may mắn như thế nào khi xuất hiện trong cuộc đời tươi đẹp này.
<h2>&#x1f496; CHỮA LÀNH CẢM XÚC &#x1f496;</h2>
Đồng thời, nếu có bé nào có những trải nghiệm cảm xúc không tích cực từ sớm, chương trình này phần nào giúp con <strong>CHỮA LÀNH CẢM XÚC</strong> cho chính mình, và khởi đầu cho hành trình đồng hành cùng ba mẹ đi tới hạnh phúc trọn vẹn trong tương lai.
<h2>&#x1f31f; KÍCH HOẠT NGUỒN LỰC BÊN TRONG CON &#x1f31f;</h2>
Bé sẽ được học <strong>THIỀN TƯ DUY</strong> để biết cách lắng nghe chính mình, đủ tỉnh thức, tĩnh lặng để kích hoạt nguồn lực vô giới hạn khi đối diện với những thử thách, đồng thời kích hoạt được trí tưởng tượng và sáng tạo vô tận bên trong của con.
<h2>&#x1f506; KHÁM PHÁ CHÍNH MÌNH &#x1f506;</h2>
Đặc biệc, công cụ <strong>POINT OF YOU</strong> sẽ cho trẻ một trải nghiệm đặc biệt để khám phá chính mình, thông qua cách lý giải những thông điệp mà con nhận được, con sẽ hiểu được niềm tin và hướng suy nghĩ và biết đạt của mình như thế nào, qua đó tiết lộ nhiều điều thú vị hoặc cần chú ý về con
<h2>&#xfe0f;&#x1f389; TRẺ DỄ ĐÓN NHẬN &#xfe0f;&#x1f389;</h2>
Hãy yên tâm là thiên thần của bạn sẽ được trải nghiệm những giây phút <strong>CƯỜI VUI THOẢI MÁI, LẮNG ĐỌNG CẢM XÚC, YÊU THƯƠNG LAN TỎA</strong>, và <strong>KẾT NỐI TRÁI TIM CÙNG TRÍ TUỆ</strong>… để trở nên yêu thương và biết ơn hơn rất nhiều!

Con sẽ đón nhận những câu chuyện nhẹ nhàng, hài hước và thông điệp sống rất tích cực, thú vị… Bộ phim được chọn phù hợp với năng lượng của những người có mặt trong chương trình, nhờ đó mà con sẽ học được những điều rất <strong>PHÙ HỢP</strong> với con.

<img src=""http://gieoduyen.vn/wp-content/uploads/2019/12/giup-con-lap-day-trai-tim-bang-nang-luong-cua-tinh-yeu-va-long-biet-on-text-3.png"" sizes=""(max-width: 767px) 100vw, 767px"" srcset=""https://gieoduyen.vn/wp-content/uploads/2019/12/giup-con-lap-day-trai-tim-bang-nang-luong-cua-tinh-yeu-va-long-biet-on-text-3.png 767w, https://gieoduyen.vn/wp-content/uploads/2019/12/giup-con-lap-day-trai-tim-bang-nang-luong-cua-tinh-yeu-va-long-biet-on-text-3-300x119.png 300w"" alt="""" width=""767"" height=""303"" />

<img role=""img"" draggable=""false"" src=""https://s.w.org/images/core/emoji/12.0.0-1/svg/1f31f.svg"" alt=""&#x1f31f;"" /> Vô thức ẩn chứa sức mạnh vô tận và kỳ diệu để thu hút nguồn lực cho bất cứ ai hiểu được sức mạnh của nó và chủ đích (một cách tỉnh thức) sử dụng nó để <strong>tiến thẳng tới mục tiêu</strong> của mình.

<img role=""img"" draggable=""false"" src=""https://s.w.org/images/core/emoji/12.0.0-1/svg/1f31f.svg"" alt=""&#x1f31f;"" /> Một đứa trẻ kết nối tốt với vô thức sẽ phát triển <strong>chiều sâu của trí tuệ</strong> tốt hơn, tinh tế hơn, thấu hiểu hơn và nhiều năng lượng trong trẻo hơn, đồng thời trí tưởng tượng và năng lực sáng tạo được nâng lên nhiều lần.

<img role=""img"" draggable=""false"" src=""https://s.w.org/images/core/emoji/12.0.0-1/svg/1f31f.svg"" alt=""&#x1f31f;"" /> Con hiểu chính mình và dễ dàng đặt mình vào vị trí của người khác, để hiểu được rằng mình cần sống một cách có<strong> trách nhiệm, chủ động và yêu thương hơn.</strong>

<img role=""img"" draggable=""false"" src=""https://s.w.org/images/core/emoji/12.0.0-1/svg/27a1.svg"" alt=""&#x27a1;&#xfe0f;"" /> <img role=""img"" draggable=""false"" src=""https://s.w.org/images/core/emoji/12.0.0-1/svg/27a1.svg"" alt=""&#x27a1;&#xfe0f;"" /> Không phải ngẫu nhiên mà con của bạn được đặt vào trong một bối cảnh, gặp một con người, sự vật, hiện tượng nào đó. Chúng đều xuất hiện như một sự sắp đặt, và vô thức đã đặt con vào đúng vị trí ấy để học ra <strong>bài học cho chính mình</strong>.

Và sẽ tốt hơn nếu bạn chủ đích đặt con vào những <strong>bối cảnh tích cực</strong> để những nền tảng tốt đẹp được cài đặt ngay từ sớm, thay vì để tới khi con lớn mới chỉnh sửa những cài đặt sai trước kia.

Phim ảnh và âm nhạc là cách hiệu quả và nhanh hơn để giúp con bạn (và cả chính bạn) học bài học, vì con sẽ được học thông qua những ẩn dụ trong đó, đó là cách rất nhanh để vượt qua rào cản của ý thức và kết nối thẳng với vô thức của con.

<img src=""http://gieoduyen.vn/wp-content/uploads/2019/12/giup-con-lap-day-trai-tim-bang-nang-luong-cua-tinh-yeu-va-long-biet-on-text-6.png"" sizes=""(max-width: 612px) 100vw, 612px"" srcset=""https://gieoduyen.vn/wp-content/uploads/2019/12/giup-con-lap-day-trai-tim-bang-nang-luong-cua-tinh-yeu-va-long-biet-on-text-6.png 612w, https://gieoduyen.vn/wp-content/uploads/2019/12/giup-con-lap-day-trai-tim-bang-nang-luong-cua-tinh-yeu-va-long-biet-on-text-6-300x90.png 300w"" alt="""" width=""612"" height=""183"" />
<h3 style=""text-align: center;""><strong>Master Coach Bell Tran</strong></h3>
<h3 style=""text-align: center;""><b>(Trần Nguyễn Hoàng Khánh Ngọc)</b></h3>
– NLP Master Coach

– Chuyên đào tạo và trị liệu về chữa lành cảm xúc

– Giảng viên các khóa học về Trí Tuệ Cảm Xúc, Chữa Lành và Hàn Gắn Cảm Xúc, Ứng Dụng Thiền, Tứ Trụ, NLP trong đời sống &amp; kinh doanh

– Trainer về Tâm Lý Bán Hàng, Chăm Sóc Khách Hàng, Teamwork, Quản Lý Doanh Nghiệp …

– Thông dịch viên cho nhiều bậc Thầy Tâm Linh tại các chương trình Hội Nghị Khoa Học Tâm Thức Quốc Tế, khóa học tâm linh, thiền định.

<img src=""http://gieoduyen.vn/wp-content/uploads/2019/12/giup-con-lap-day-trai-tim-bang-nang-luong-cua-tinh-yeu-va-long-biet-on-Bell-Tran.jpg"" sizes=""(max-width: 872px) 100vw, 872px"" srcset=""https://gieoduyen.vn/wp-content/uploads/2019/12/giup-con-lap-day-trai-tim-bang-nang-luong-cua-tinh-yeu-va-long-biet-on-Bell-Tran.jpg 872w, https://gieoduyen.vn/wp-content/uploads/2019/12/giup-con-lap-day-trai-tim-bang-nang-luong-cua-tinh-yeu-va-long-biet-on-Bell-Tran-300x219.jpg 300w, https://gieoduyen.vn/wp-content/uploads/2019/12/giup-con-lap-day-trai-tim-bang-nang-luong-cua-tinh-yeu-va-long-biet-on-Bell-Tran-768x562.jpg 768w"" alt="""" width=""872"" height=""638"" />
<h3 style=""text-align: center;""><strong>Master Coach Tracy Nguyen</strong></h3>
<h3 style=""text-align: center;""><strong>(Th.s Nguyễn Thị Hồng Kiều)</strong></h3>
– Giảng viên Tâm lý ứng dụng, là diễn giả của những chương trình phát triển bản thân tích hợp các công cụ tâm lý ứng dụng.

– Được tổ chức Life University cấp chứng nhận Master Coach NLP và bằng được tổ chức ABNLP Hoa Kỳ công nhận.

– Kết nối các minh sư trong và ngoài nước và tổ chức các khóa học đồng nhất Thân – Tâm – Trí, thiền định cho hàng ngàn người được tham dự.

<img src=""http://gieoduyen.vn/wp-content/uploads/2019/12/giup-con-lap-day-trai-tim-bang-nang-luong-cua-tinh-yeu-va-long-biet-on-Hong-Kieu-768x1152.jpg"" sizes=""(max-width: 768px) 100vw, 768px"" srcset=""https://gieoduyen.vn/wp-content/uploads/2019/12/giup-con-lap-day-trai-tim-bang-nang-luong-cua-tinh-yeu-va-long-biet-on-Hong-Kieu-768x1152.jpg 768w, https://gieoduyen.vn/wp-content/uploads/2019/12/giup-con-lap-day-trai-tim-bang-nang-luong-cua-tinh-yeu-va-long-biet-on-Hong-Kieu-200x300.jpg 200w, https://gieoduyen.vn/wp-content/uploads/2019/12/giup-con-lap-day-trai-tim-bang-nang-luong-cua-tinh-yeu-va-long-biet-on-Hong-Kieu-683x1024.jpg 683w, https://gieoduyen.vn/wp-content/uploads/2019/12/giup-con-lap-day-trai-tim-bang-nang-luong-cua-tinh-yeu-va-long-biet-on-Hong-Kieu-1024x1536.jpg 1024w, https://gieoduyen.vn/wp-content/uploads/2019/12/giup-con-lap-day-trai-tim-bang-nang-luong-cua-tinh-yeu-va-long-biet-on-Hong-Kieu-1366x2048.jpg 1366w, https://gieoduyen.vn/wp-content/uploads/2019/12/giup-con-lap-day-trai-tim-bang-nang-luong-cua-tinh-yeu-va-long-biet-on-Hong-Kieu.jpg 1707w"" alt="""" width=""768"" height=""1152"" />
<img src=""http://gieoduyen.vn/wp-content/uploads/2019/12/giup-con-lap-day-trai-tim-bang-nang-luong-cua-tinh-yeu-va-long-biet-on-text-8.png"" sizes=""(max-width: 867px) 100vw, 867px"" srcset=""https://gieoduyen.vn/wp-content/uploads/2019/12/giup-con-lap-day-trai-tim-bang-nang-luong-cua-tinh-yeu-va-long-biet-on-text-8.png 867w, https://gieoduyen.vn/wp-content/uploads/2019/12/giup-con-lap-day-trai-tim-bang-nang-luong-cua-tinh-yeu-va-long-biet-on-text-8-300x81.png 300w, https://gieoduyen.vn/wp-content/uploads/2019/12/giup-con-lap-day-trai-tim-bang-nang-luong-cua-tinh-yeu-va-long-biet-on-text-8-768x206.png 768w"" alt="""" width=""867"" height=""233"" />

Lần đầu tiên, con sẽ được học cách tự chữa lành và kết nối với chính mình thông qua phim ảnh và âm nhạc. Khi bên trong con được đưa vào những năng lượng tích cực và trong trẻo, thì những nguồn lực tuyệt vời tự nhiên được khai mở, để con đón nhận và trao đi năng lượng đó nhiều hơn.

Ngoài ra con còn được khám phá vô thức thông qua công cụ <strong>Point of You</strong>.

Bạn đã sẵn sàng để cho phép con mình tham gia trọn vẹn chương trình?

<a role=""button"" href=""#"">
&#x2665;&#xfe0f; ĐĂNG KÝ CHO CON &#x2665;&#xfe0f;
</a>"
1400,"Lớp Thai Giáo Yêu Thương - Chuẩn bị chào đón thiên thần của mẹ","<img width=""900"" height=""172"" src=""http://gieoduyen.vn/wp-content/uploads/2020/01/lop-thai-giao-yeu-thuong-2-1024x196.png"" alt="""" srcset=""https://gieoduyen.vn/wp-content/uploads/2020/01/lop-thai-giao-yeu-thuong-2-1024x196.png 1024w, https://gieoduyen.vn/wp-content/uploads/2020/01/lop-thai-giao-yeu-thuong-2-300x57.png 300w, https://gieoduyen.vn/wp-content/uploads/2020/01/lop-thai-giao-yeu-thuong-2-768x147.png 768w, https://gieoduyen.vn/wp-content/uploads/2020/01/lop-thai-giao-yeu-thuong-2.png 1092w"" sizes=""(max-width: 900px) 100vw, 900px"" />											
		<p>Làm mẹ là thiên chức thiêng liêng của người phụ nữ, và thông qua đó chúng ta học rất nhiều bài học. Nếu như bạn nhận diện giai đoạn mang thai và nuôi con là<strong> cơ hội để học những bài học lớn của cuộc đời</strong>, tôi tin rằng cuộc sống của bạn sẽ có những cung bậc cảm xúc đa dạng và đẹp tuyệt vời.</p><p>Trước thềm năm mới Canh Tý 2020, BQT GIEO DUYÊN gửi tới bạn lớp <strong>THAI GIÁO YÊU THƯƠNG - CHUẨN BỊ CHÀO ĐÓN THIÊN THẦN CỦA MẸ</strong>, dành cho các mẹ đang trong giai đoạn mang thai và muốn nhận được những kinh nghiệm để sẵn sàng đón chào thiên thần nhỏ của mình.</p><p>Sự thật thì để dạy con tốt, ba mẹ phải là người học rất nhiều từ trước đó. Tôi chia sẻ kinh nghiệm nuôi dạy ba bé của mình với hy vọng giúp các mẹ tự tin hơn trước khi thành viên mới xuất hiện trong ngôi nhà của mình.</p>		
										<img width=""679"" height=""127"" src=""http://gieoduyen.vn/wp-content/uploads/2020/01/lop-thai-giao-yeu-thuong-text-1.png"" alt="""" srcset=""https://gieoduyen.vn/wp-content/uploads/2020/01/lop-thai-giao-yeu-thuong-text-1.png 679w, https://gieoduyen.vn/wp-content/uploads/2020/01/lop-thai-giao-yeu-thuong-text-1-300x56.png 300w"" sizes=""(max-width: 679px) 100vw, 679px"" />											
		<p>&#x1f47c; Các mẹ đang mang thai và muốn chuẩn bị nền tảng tốt cho con khi chào đời</p><p>&#x1f47c; Các bạn đang có kế hoạch mang thai và muốn được tiếp thêm sự tự tin trước quyết định quan trọng này.</p><p>&#x1f47c; Các bạn đang hiếm muộn muốn nhận được năng lượng của những người mẹ ở trong lớp học, nhờ đó đủ sự sẵn sàng và nguồn lực xuất hiện</p>		
										<img width=""714"" height=""134"" src=""http://gieoduyen.vn/wp-content/uploads/2020/01/lop-thai-giao-yeu-thuong-text-2.png"" alt="""" srcset=""https://gieoduyen.vn/wp-content/uploads/2020/01/lop-thai-giao-yeu-thuong-text-2.png 714w, https://gieoduyen.vn/wp-content/uploads/2020/01/lop-thai-giao-yeu-thuong-text-2-300x56.png 300w"" sizes=""(max-width: 714px) 100vw, 714px"" />											
		<h3 style=""text-align: center;""><strong>&#x23f3; THỜI GIAN &#x23f3;</strong> </h3><p>...</p><h3 style=""text-align: center;""><strong>&#x1f3e2; ĐỊA ĐIỂM &#x1f3e2;</strong></h3><p>Tầng 1, số 1 Trần Khánh Dư, P. Tân Định, Q1 (Khúc gần chợ Tân Định)</p>		
			<a href=""https://forms.gle/gsBKezPdd8P9MCuE9"" role=""button"">
						ĐĂNG KÝ THAM DỰ
					</a>
										<img width=""738"" height=""187"" src=""http://gieoduyen.vn/wp-content/uploads/2020/01/lop-thai-giao-yeu-thuong-text-3.png"" alt="""" srcset=""https://gieoduyen.vn/wp-content/uploads/2020/01/lop-thai-giao-yeu-thuong-text-3.png 738w, https://gieoduyen.vn/wp-content/uploads/2020/01/lop-thai-giao-yeu-thuong-text-3-300x76.png 300w"" sizes=""(max-width: 738px) 100vw, 738px"" />											
		<p>&#x1f957; Giải đáp thắc mắc về thói quen sinh hoạt trong giai đoạn thai giáo và khi sinh con: Nghỉ ngơi, dinh dưỡng, vận động như thế nào là thích hợp? </p><p>&#x1f930; Làm thế nào để tăng cường trí thông minh cảm xúc cho con ngay từ khi còn trong bụng mẹ? </p><p>&#x1f49c; Bước đầu làm quen với thiền định để tăng thể sáng cho con trong lúc mang bầu</p><p>&#x1f47c; Những trải nghiệm để vượt cạn an toàn và hồi phục nhanh</p><p>&#x1f4a1; Cách thức để cho mình đủ năng lượng, sức khoẻ và kiến thức để đồng hành với con 3 tháng đầu đời</p><p>&#x1f914; Làm rõ những phân vân về nuôi con theo cách hiện đại hay truyền thống, điều gì có lợi nhất cho con?</p><p>&#x1f33f; Chia sẻ kinh nghiệm thiền lim dim để mẹ bầu làm quen với thiền để có tâm thế vượt cạn và nuôi con</p><p>Sự thật thì trẻ em rất <strong>TINH TẾ</strong>, tôi đã nhận ra điều này khi đồng hành với ba đứa con của mình, đồng thời tiếp xúc với rất nhiều ba mẹ cùng với con của họ (do tính chất công việc của tôi), các con có năng lượng rất trong trẻo, chúng cảm nhận được tất cả năng lượng mà bạn phát ra đấy! </p><p><em><strong>Con trẻ chính là bản sao của cha mẹ</strong></em>. Vì thế ba mẹ mới là người cần phải học, trải nghiệm và chữa lành cho chính mình rất nhiều trong hành trình đồng hành cùng con.</p><p>Bạn sẽ nhận được những thông điệp về: </p><h3 style=""text-align: center;""><strong>&#x1f495; TĂNG CƯỜNG TRÍ THÔNG MINH CẢM XÚC CỦA CHÍNH MÌNH &#x1f495; </strong></h3><p>Giai đoạn mang thai là giai đoạn người mẹ trải nghiệm những <b>biến động “kỳ lạ” của cảm xúc</b>, và vô cùng cần nâng cao sự thông minh về mặt cảm xúc, bởi<i> <b>tính cách của bé con của bạn sẽ được định hình từ nền tảng cảm xúc và suy nghĩ của mẹ</b> </i>đấy!<br /></p><p>Điều bạn có thể làm là quan sát những suy nghĩ của mình, nhờ đó cảm xúc của bạn nhẹ nhàng hơn, phản ứng của bạn đối với sự việc xảy đến khôn ngoan và sáng suốt hơn.</p><p>Ngoài ra bạn cũng có <b><i>cái nhìn rõ ràng và để tự tin hơn trước khi vượt cạn và nuôi con</i></b>. Những sự lo lắng của bạn sẽ được thay vào đó bằng cảm giác mong chờ và phấn khích!</p><h3 style=""text-align: center;""><strong>&#x26a1; CHUẨN BỊ NỀN TẢNG SỨC KHOẺ TỐT &#x26a1;</strong></h3><p>Điều cả nhà quan tâm là làm thế nào để sức khoẻ của mẹ và bé ở trong điều kiện tốt nhất. Điều này được quyết định bởi <strong>tinh thần, dinh dưỡng, vận động và nghỉ ngơi của người mẹ</strong>. Vậy cụ thể cần làm gì trong những yếu tố đó để bé khoẻ, mẹ vui?</p><h3 style=""text-align: center;""><strong>&#x1f64b; LÀM GÌ ĐỂ CON TRẺ THÔNG MINH HƠN? &#x1f64b;</strong></h3><p>Khi con có <em><strong>trí tuệ cảm xúc cao</strong></em>, tự động <em><strong>phần sáng</strong></em> của con sẽ tăng theo. Việc ba mẹ hướng dẫn cho con tỉnh thức quan sát và điều chỉnh suy nghĩ của mình sẽ giúp trí thông minh cảm xúc của con tăng, từ đó con đủ <em><strong>trí tuệ</strong> </em>để đưa ra những quyết định tốt cho con.</p><p>Buổi Workshop này ngoài việc lắng nghe những trải nghiệm của người chia sẻ, còn là dịp để các bạn chia sẻ những trải nghiệm, kinh nghiệm của mình trong hành trình diệu kỳ này.</p>		
			<a href=""https://forms.gle/gsBKezPdd8P9MCuE9"" role=""button"">
						ĐĂNG KÝ THAM DỰ
					</a>
										<img width=""564"" height=""96"" src=""http://gieoduyen.vn/wp-content/uploads/2020/01/lop-thai-giao-yeu-thuong-text-4.png"" alt="""" srcset=""https://gieoduyen.vn/wp-content/uploads/2020/01/lop-thai-giao-yeu-thuong-text-4.png 564w, https://gieoduyen.vn/wp-content/uploads/2020/01/lop-thai-giao-yeu-thuong-text-4-300x51.png 300w"" sizes=""(max-width: 564px) 100vw, 564px"" />											
		<h3 style=""text-align: center;""><strong>&#x1f31f; NGƯỜI CHIA SẺ &#x1f31f;</strong></h3>		
										<img width=""900"" height=""675"" src=""http://gieoduyen.vn/wp-content/uploads/2020/01/Thai-giao-va-giao-duc-som-12.jpg"" alt="""" srcset=""https://gieoduyen.vn/wp-content/uploads/2020/01/Thai-giao-va-giao-duc-som-12.jpg 960w, https://gieoduyen.vn/wp-content/uploads/2020/01/Thai-giao-va-giao-duc-som-12-300x225.jpg 300w, https://gieoduyen.vn/wp-content/uploads/2020/01/Thai-giao-va-giao-duc-som-12-768x576.jpg 768w"" sizes=""(max-width: 900px) 100vw, 900px"" />											
		<h3 style=""text-align: center;""><strong>Th.S, Master Coach Nguyễn Thị Hồng Kiều</strong></h3><p>&#x1f338; Người mẹ của ba bé con </p><p>&#x1f338; Giảng viên Tâm lý ứng dụng, là diễn giả của những chương trình phát triển bản thân tích hợp các công cụ tâm lý ứng dụng. </p><p>&#x1f338; Được tổ chức Life University cấp chứng nhận Master Coach NLP và bằng được tổ chức ABNLP Hoa Kỳ công nhận.</p><p>&#x1f338; Kết nối các minh sư trong và ngoài nước và tổ chức các khóa học đồng nhất Thân – Tâm Trí, thiền định cho hàng ngàn người được tham dự. </p>		
			<a href=""https://forms.gle/gsBKezPdd8P9MCuE9"" role=""button"">
						ĐĂNG KÝ THAM DỰ
					</a>"
1418,"Workshop Gặp mặt đầu xuân - Cùng chia sẻ kinh nghiệm giáo dục sớm của mẹ","Đầu xuân Canh Tí, Kiều tổ chức một chương trình gặp mặt đầu xuân với các mẹ bỉm sữa có con từ 1 tuổi trở xuống để cùng chia sẻ kinh nghiệm <strong>NUÔI CON KHOẺ VÀ GIÁO DỤC CON SỚM</strong>. Đồng thời để các thiên thần nhỏ của các mẹ được chơi đùa cùng nhau.

<img src=""http://gieoduyen.vn/wp-content/uploads/2020/01/workshop-gap-mat-dau-xuan-cung-chia-se-kinh-nghiem-giao-duc-som-cua-me-text-1.png"" sizes=""(max-width: 719px) 100vw, 719px"" srcset=""https://gieoduyen.vn/wp-content/uploads/2020/01/workshop-gap-mat-dau-xuan-cung-chia-se-kinh-nghiem-giao-duc-som-cua-me-text-1.png 719w, https://gieoduyen.vn/wp-content/uploads/2020/01/workshop-gap-mat-dau-xuan-cung-chia-se-kinh-nghiem-giao-duc-som-cua-me-text-1-300x96.png 300w"" alt="""" width=""719"" height=""230"" />
<h2>&#x1f47c; Những nội dung bạn sẽ nhận được &#x1f47c;</h2>
<img role=""img"" draggable=""false"" src=""https://s.w.org/images/core/emoji/12.0.0-1/svg/1f476.svg"" alt=""&#x1f476;"" /> Làm thế nào để con vui vẻ, lanh lợi, hoạt bát, ưa khám phá, sức đề kháng cao,... thể hiện của một <b>sức khoẻ tốt</b>, những nguyên tắc chung nào giúp mẹ <em><b>bảo vệ con khoẻ mạnh và bình an?</b></em>

<img role=""img"" draggable=""false"" src=""https://s.w.org/images/core/emoji/12.0.0-1/svg/1f476.svg"" alt=""&#x1f476;"" /> Giúp con <strong>phát triển trí tuệ cảm xúc</strong>, để con biết các cân bằng cảm xúc của chính mình, biết quan sát, tinh tế, học hỏi, tiếp thu nhanh hơn, biết cách khám phá và kích hoạt tiềm năng của con.

<img role=""img"" draggable=""false"" src=""https://s.w.org/images/core/emoji/12.0.0-1/svg/1f476.svg"" alt=""&#x1f476;"" /> <strong>Quản trị cảm xúc của chính mình</strong>, đón nhận mọi việc xảy đến với mình như những thông điệp và nhanh chóng nhận lấy bài học cho sự <em><strong>phát triển tâm thức và nuôi dạy con mình thật tốt</strong></em>, trở nên tích cực, vui vẻ và đưa ra những quyết định khôn ngoan hơn.

<img role=""img"" draggable=""false"" src=""https://s.w.org/images/core/emoji/12.0.0-1/svg/1f476.svg"" alt=""&#x1f476;"" /> <strong>Phân bổ thời gian hợp lý</strong>, sắp xếp công việc, thực hiện những điều quan trọng một cách hiệu quả thay vì để mọi việc rối tung lên như trước kia.

<img role=""img"" draggable=""false"" src=""https://s.w.org/images/core/emoji/12.0.0-1/svg/1f476.svg"" alt=""&#x1f476;"" /> Làm cách nào để lấp đầy trái tim con (và chính mình) bằng <strong>năng lượng của sự bình an, tình yêu và lòng biết ơn?</strong>

<a role=""button"" href=""https://forms.gle/QRnUWCVj9eE3nMtE8"">
ĐĂNG KÝ THAM DỰ
</a>
<img src=""http://gieoduyen.vn/wp-content/uploads/2020/01/lop-thai-giao-yeu-thuong-4-1-768x1024.jpg"" sizes=""(max-width: 768px) 100vw, 768px"" srcset=""https://gieoduyen.vn/wp-content/uploads/2020/01/lop-thai-giao-yeu-thuong-4-1-768x1024.jpg 768w, https://gieoduyen.vn/wp-content/uploads/2020/01/lop-thai-giao-yeu-thuong-4-1-225x300.jpg 225w, https://gieoduyen.vn/wp-content/uploads/2020/01/lop-thai-giao-yeu-thuong-4-1-1152x1536.jpg 1152w, https://gieoduyen.vn/wp-content/uploads/2020/01/lop-thai-giao-yeu-thuong-4-1.jpg 1536w"" alt="""" width=""768"" height=""1024"" />
<img src=""http://gieoduyen.vn/wp-content/uploads/2020/01/workshop-gap-mat-dau-xuan-cung-chia-se-kinh-nghiem-giao-duc-som-cua-me-text-2.png"" sizes=""(max-width: 786px) 100vw, 786px"" srcset=""https://gieoduyen.vn/wp-content/uploads/2020/01/workshop-gap-mat-dau-xuan-cung-chia-se-kinh-nghiem-giao-duc-som-cua-me-text-2.png 786w, https://gieoduyen.vn/wp-content/uploads/2020/01/workshop-gap-mat-dau-xuan-cung-chia-se-kinh-nghiem-giao-duc-som-cua-me-text-2-300x51.png 300w, https://gieoduyen.vn/wp-content/uploads/2020/01/workshop-gap-mat-dau-xuan-cung-chia-se-kinh-nghiem-giao-duc-som-cua-me-text-2-768x130.png 768w"" alt="""" width=""786"" height=""133"" />
<h2>&#x23f0; THỜI GIAN &#x23f0;</h2>
<h2>&#x1f3e2; ĐỊA ĐIỂM &#x1f3e2;</h2>
Tầng 1, số 1 Trần Khánh Dư, P. Tân Định, Q1 (Khúc gần chợ Tân Định)

Buổi Workshop này Kiều sẽ chia sẻ <em><strong>kinh nghiệm nuôi dạy, đồng hành cùng con, giúp con khám phá ra những điểm mạnh của mình và phát triển theo cách mà con muốn</strong></em>, trong sự yêu thương và lòng biết ơn.

Đồng thời đây cũng là dịp để cho các mẹ bỉm sữa <em><strong>chia sẻ những trải nghiệm</strong></em>, cùng nhau mổ sẻ những <em><strong>thắc mắc</strong></em> trong giai đoạn vàng của con này. Chúng ta sẽ trở thành người thầy của nhau.

Chắc chắn có rất nhiều bài học và thông điệp quan trọng, hỗ trợ rất nhiều trong quá trình nuôi dạy con của bạn sẽ xuất hiện trong chương trình này. Hãy cho phép mình sẵn sàng để đón nhận những giá trị tuyệt vời và nguồn năng lượng lành được cộng hưởng từ những người mẹ khác bạn nhé!

<a role=""button"" href=""https://forms.gle/QRnUWCVj9eE3nMtE8"">
ĐĂNG KÝ THAM DỰ
</a>
<img src=""http://gieoduyen.vn/wp-content/uploads/2020/01/workshop-gap-mat-dau-xuan-cung-chia-se-kinh-nghiem-giao-duc-som-cua-me-text-3.png"" sizes=""(max-width: 464px) 100vw, 464px"" srcset=""https://gieoduyen.vn/wp-content/uploads/2020/01/workshop-gap-mat-dau-xuan-cung-chia-se-kinh-nghiem-giao-duc-som-cua-me-text-3.png 464w, https://gieoduyen.vn/wp-content/uploads/2020/01/workshop-gap-mat-dau-xuan-cung-chia-se-kinh-nghiem-giao-duc-som-cua-me-text-3-300x102.png 300w"" alt="""" width=""464"" height=""158"" />
<img src=""http://gieoduyen.vn/wp-content/uploads/2019/12/giup-con-lap-day-trai-tim-bang-nang-luong-cua-tinh-yeu-va-long-biet-on-Hong-Kieu-683x1024.jpg"" sizes=""(max-width: 683px) 100vw, 683px"" srcset=""https://gieoduyen.vn/wp-content/uploads/2019/12/giup-con-lap-day-trai-tim-bang-nang-luong-cua-tinh-yeu-va-long-biet-on-Hong-Kieu-683x1024.jpg 683w, https://gieoduyen.vn/wp-content/uploads/2019/12/giup-con-lap-day-trai-tim-bang-nang-luong-cua-tinh-yeu-va-long-biet-on-Hong-Kieu-200x300.jpg 200w, https://gieoduyen.vn/wp-content/uploads/2019/12/giup-con-lap-day-trai-tim-bang-nang-luong-cua-tinh-yeu-va-long-biet-on-Hong-Kieu-768x1152.jpg 768w, https://gieoduyen.vn/wp-content/uploads/2019/12/giup-con-lap-day-trai-tim-bang-nang-luong-cua-tinh-yeu-va-long-biet-on-Hong-Kieu-1024x1536.jpg 1024w, https://gieoduyen.vn/wp-content/uploads/2019/12/giup-con-lap-day-trai-tim-bang-nang-luong-cua-tinh-yeu-va-long-biet-on-Hong-Kieu-1366x2048.jpg 1366w, https://gieoduyen.vn/wp-content/uploads/2019/12/giup-con-lap-day-trai-tim-bang-nang-luong-cua-tinh-yeu-va-long-biet-on-Hong-Kieu.jpg 1707w"" alt="""" width=""683"" height=""1024"" />
<h2>Th.S Nguyễn Thị Hồng Kiều</h2>
&#x1f338; Người mẹ của ba bé con

&#x1f338; Giảng viên Tâm lý ứng dụng, là diễn giả của những chương trình phát triển bản thân tích hợp các công cụ tâm lý ứng dụng.

&#x1f338; Được tổ chức Life University cấp chứng nhận Master Coach NLP và bằng được tổ chức ABNLP Hoa Kỳ công nhận.

&#x1f338; Kết nối các minh sư trong và ngoài nước và tổ chức các khóa học đồng nhất Thân – Tâm Trí, thiền định cho hàng ngàn người được tham dự.

<a role=""button"" href=""https://forms.gle/QRnUWCVj9eE3nMtE8"">
ĐĂNG KÝ THAM DỰ
</a>"
