ID,Title,Content,Excerpt,Date,"Post Type",Permalink
10,"Thiền Vipassana và Đồng nhất thân tâm trí cùng Thầy Thích Đồng Chơn","Với mong muốn được kết nối và gieo duyên, nhóm gieo duyên đã nhận được sự đồng thuận của thầy Thích Đồng Chơn, thầy đang sinh sống tại Ấn Độ để nghiên cứu luận án tiến sĩ phật học, giữa tháng tư Thầy sẽ về TP.Hồ Chí Minh để chia sẻ bốn ngày giảng pháp. Đây là chương trình đầy ý nghĩa giúp cho các anh chị muốn có cuộc sống Thân khỏe – Tâm an – Trí minh.

Chương trình lần này Thầy sẽ hướng dẫn hành thiền Vipassana: Phân tích lợi ích về thiền giúp ích cho cơ thể như thế nào; Phân tích về thiền định và thiền vipassana; Phương pháp hành thiền (thiền đi, thiền ngồi, thiền nằm, thiền minh sát).

Trong khóa học thầy sẽ giảng về nền tảng gốc rễ về chánh pháp cùng với phương pháp thiền để có một cuộc sống Thân khỏe - Tâm an - Trí minh.

<img src=""http://gieoduyen.vn/wp-content/uploads/2018/03/thay-thich-dong-chon-gieo-duyen-2.jpg"" sizes=""(max-width: 900px) 100vw, 900px"" srcset=""http://gieoduyen.vn/wp-content/uploads/2018/03/thay-thich-dong-chon-gieo-duyen-2.jpg 1000w, http://gieoduyen.vn/wp-content/uploads/2018/03/thay-thich-dong-chon-gieo-duyen-2-300x175.jpg 300w, http://gieoduyen.vn/wp-content/uploads/2018/03/thay-thich-dong-chon-gieo-duyen-2-768x447.jpg 768w"" alt="""" width=""900"" height=""524"" />
<h2><b>CHƯƠNG TRÌNH ĐỒNG NHẤT THÂN TÂM TRÍ DO THẦY THÍCH ĐỒNG CHƠN GIẢNG</b></h2>
<h3>THỜI GIAN HỌC</h3>
Từ 8h30 đến 17h30 ngày 15, 16, 17 tháng 6 năm 2018
<h3>ĐỊA ĐIỂM</h3>
Số 8, Đường Tân Thới Nhất 17, Quận 12, TP.HCM
<h2><b>CHƯƠNG TRÌNH NHẰM MỤC ĐÍCH GIEO DUYÊN VÀ HOÀN TOÀN KHÔNG THU PHÍ THAM DỰ </b></h2>
<i>Các bạn tham gia có thể cùng gieo duyên cho bạn mình cùng tham gia bằng cách nhập vào thông tin đăng ký tại form bên dưới để ban tổ chức sắp xếp chỗ học chu đáo đón chào một năm mới thật tuyệt vời.</i>",,"March 26, 2018",post,http://gieoduyen.vn/thay-thich-dong-chon
15,"Học thiền Vipassana 10 ngày ở đâu?","Phương pháp thiền được giảng dạy trong những khoá thiền nội trú mười ngày trong đó người tham dự tuân theo Nội Quy của Khóa Thiền, học hỏi những căn bản của phương pháp, và thực tập nghiêm chỉnh để đạt được kết quả hữu ích.<!--more-->

Khóa thiền hoàn toàn miễn phí – ngay cả chi phí về thực phẩm và chỗ ở. Mọi phí tổn đều do sự đóng góp của những người đã tham dự một khóa thiền và hưởng được những lợi lạc từ Vipassana, muốn cho những người khác cũng có cơ hội hưởng được lợi lạc tương tự.

Muốn biết thêm chi tiết về những khoá thiền Vipassana tại Việt Nam, tham khảo một trong hai tổ chức này:

<strong> </strong>
<h2>HỌC THIỀN VIPASSANA Ở ĐÂU?</h2>
<h4>THIỀN VIPASSANA TẠI CỦ CHI HOẶC THỦ ĐỨC</h4>
Do Thiền sư S.N.Goenka và các Thiền sư phụ tá giảng dạy theo truyền thống của Ngài Sayagyi U Ba Khin Phương pháp thiền Vipassana.
<ul>
 	<li><a href=""http://www.dhamma.org/"" target=""_blank"" rel=""nofollow noopener noreferrer"">
Đăng ký tại: <b>www.dhamma.org</b>
</a></li>
 	<li>Email: info@vn.dhamma.org</li>
 	<li>Điện thoại: 0942255050</li>
</ul>
<h4>THIỀN TUỆ (VIPASSANA) TẠI HỒNG TRUNG SƠN</h4>
Do sư cô Hằng Liên giảng dạy, trụ trì chùa Hồng Trung Sơn và là người trực tiếp dạy thiền. Sư cô tốt nghiệp 2 bằng tiến sỹ bên Ấn Độ.
<ul>
 	<li><a href=""http://www.phapdangthientue.com/"" target=""_blank"" rel=""nofollow noopener noreferrer"">
Đăng ký tại: <b>www.phapdangthientue.com</b>
</a></li>
 	<li>Email: phapdangthientue@gmail.com</li>
 	<li>Điện thoại: 01295669123</li>
</ul>
<h2>KINH NGHIỆM ĐĂNG KÝ HỌC THIỀN VIPASSANA</h2>
Bạn canh thời gian mà khóa thiền mở định kỳ và đợi đăng ký đúng khoảng thời gian đó, khóa thiền không giữ chỗ theo cách là đăng ký lúc nào cũng được rồi đợi xếp lịch học mà chờ lúc mở cổng đăng ký để đăng ký, tầm hai khung giờ 12h đêm và 7h sáng tùy khóa thiền.","Phương pháp thiền được giảng dạy trong những khoá thiền nội trú mười ngày trong đó người tham dự tuân theo Nội Quy của Khóa Thiền, học hỏi những căn bản của phương pháp, và thực tập nghiêm chỉnh để đạt được kết quả hữu ích.","August 27, 2019",post,http://gieoduyen.vn/khoa-thien-vipassana
98,"Chương trình đi tìm lẽ sống và đam mê - NLP VAS","<p>Khi được hỏi: “Những người thầy nào đã thay đổi cuộc đời bạn?” tôi thường nhắc tới thầy Vas đầu tiên. Năm 2013, nhờ duyên gặp thầy mà tôi tìm được nút bấm để khởi động nguồn năng lượng vô giới hạn bên trong mình, và tới nay, công việc kinh doanh của tôi phát triển vô cùng thuận lợi, gia đình của tôi ngày càng hạnh phúc hơn, và tôi cũng gieo hạt giá trị cho rất nhiều người thông qua nhiều khoá học tuyệt vời.</p><p>Tôi đi học khoá năm 2013 miễn phí 3 ngày, cuối 2014 tôi khởi nghiệp và cuối năm 2015, tôi đã đủ nguồn lực để theo học lớp Master Nlp của Thầy.</p><p>Có thể nói, lớp học của thầy Vas là lớp bắt đầu cho hành trình phát triển mạnh mẽ của tôi. Và bây giờ tôi muốn gieo duyên điều đó đến cho nhiều người hơn nữa!</p><p>Nếu có một lý do cao cả để sống, mọi vấn đề cũng chỉ là thử thách để bạn tìm đến những giải pháp cho chúng. Ngược lại, bạn sẽ chìm ngập trong biển vấn đề - KHÔNG LỐI THOÁT. Đó là điều bạn mong muốn?</p><p>Giờ đây khoá học “Tìm Lại Lẽ Sống &amp; Đam Mê” 3 ngày này hoàn toàn miễn phí và vô cùng giá trị được diễn ra theo lịch trong đường link tại Việt Nam cho khoảng 3000 người, nếu bạn đã ra quyết định thay tư duy, đổi cuộc đời và đủ sẵn sàng 100%, mọi nguồn lực sẽ hỗ trợ bạn có mặt tại chương trình này. </p>		
			<h2>THÔNG TIN KHÓA HỌC</h2>		
		<p>Chuyên gia huấn luyện trị liệu – NLP Master Trainer Coach Vas, với kinh nghiệm huấn luyện trong quân đội Singapore và hơn 15 năm áp dụng NLP trong việc huấn luyện tư duy – tạo động lực cho hàng ngàn người sẽ giúp bạn hiểu rõ NGUYÊN NHÂN dẫn đến mọi vấn đề bạn gặp phải trong cuộc sống &amp; thực hiện các quy trình NLP đưa bạn đến sự giác ngộ &amp; phát huy khả năng chữa lành vấn đề xuất phát từ tâm trí của bạn.</p>		
			<h2>THỜI GIAN KHÓA HỌC</h2>		
					<ul>
							<li >
										Cập nhật khi bạn đăng ký
									</li>
								<li >
										Địa điểm: Thông báo tại trang web của LPE
									</li>
						</ul>
		https://youtu.be/Mk6O59KH7TU		
			<h2>ĐĂNG KÝ KHÓA HỌC</h2>		
		<p>Đây là chương trình do LPE tổ chức và thầy Vas là một NLP Master Trainer Coach sẽ đào tạo xuyên suốt 3 ngày sẽ giúp chúng ta có được những giá trị tuyệt vời với năng lượng đỉnh cao và tìm được lẽ sống và đam mê của mình. </p>		
			<a href=""http://lpe.vn/course/tim-lai-le-song-va-dam-me"" target=""_blank"" rel=""nofollow noopener noreferrer"" role=""button"">
						XEM LỊCH HỌC VÀ ĐĂNG KÝ TẠI ĐÂY
					</a>","Khi được hỏi: “Những người thầy nào đã thay đổi cuộc đời bạn?” tôi thường nhắc tới thầy Vas đầu tiên. Năm 2013, nhờ duyên gặp thầy mà tôi tìm được nút bấm để khởi động nguồn năng lượng vô giới hạn bên trong mình, và tới nay, công việc kinh doanh của tôi phát triển vô cùng thuận lợi, gia đình của tôi ngày càng hạnh phúc hơn, và tôi cũng gieo hạt giá trị cho rất nhiều người thông qua nhiều khoá học tuyệt vời.

Tôi đi học khoá năm 2013 miễn phí 3 ngày, cuối 2014 tôi khởi nghiệp và cuối năm 2015, tôi đã đủ nguồn lực để theo học lớp Master Nlp của Thầy.

Có thể nói, lớp học của thầy Vas là lớp bắt đầu cho hành trình phát triển mạnh mẽ của tôi. Và bây giờ tôi muốn gieo duyên điều đó đến cho nhiều người hơn nữa!

Nếu có một lý do cao cả để sống, mọi vấn đề cũng chỉ là thử thách để bạn tìm đến những giải pháp cho chúng. Ngược lại, bạn sẽ chìm ngập trong biển vấn đề - KHÔNG LỐI THOÁT. Đó là điều bạn mong muốn?

Giờ đây khoá học “Tìm Lại Lẽ Sống & Đam Mê” 3 ngày này hoàn toàn miễn phí và vô cùng giá trị được diễn ra vào tháng chín này tại Việt Nam cho khoảng 2000 người, nếu bạn đã ra quyết định thay tư duy, đổi cuộc đời và đủ sẵn sàng 100%, mọi nguồn lực sẽ hỗ trợ bạn có mặt tại chương trình này.","September 11, 2019",post,http://gieoduyen.vn/khoa-hoc-nlp
245,"Trí tuệ tâm linh và khởi nghiệp","Đây là chương trình đặc biệt kết hợp mới lạ và đặc biệt giữa Trí tuệ tâm linh và Khởi nghiệp nhằm kích hoạt tối đa nguồn lực để thành công trong sự nghiệp và các mối quan hệ.

Trí tuệ tâm linh là chương trình được đào tạo ở tầng cao nhất của khóa học NLP Master. NLP viết tắt của Neuro Linguistic Programming (Lập trình ngôn ngữ tư duy) được khởi nguồn bởi hai nhà khoa học là Richard Bandler và John Grinder – hai giáo sư đại học Santa Cruz (Mỹ).

Marketing khởi nghiệp là một chương trình thực tế ứng dụng các công cụ marketing vào khởi nghiệp như thế nào và rào cản của câu chuyện khởi nghiệp là gì mà các bạn vẫn chưa thể bùng nổ trong những năm đầu startup. Câu trả lời sẽ được chương trình đặc biệt này giải mã giúp bạn và đồng thời với sự kết hợp tuyệt với cùng Trí tuệ tâm linh - là trí tuệ ở tầng cao nhất của con người sẽ giúp những nhà khởi nghiệp trẻ nắm giữ chìa khóa vàng cho khởi nghiệp.

<a href=""https://app.getresponse.com/site2/1603_sinhtrac_mbti_intergen?u=BryAf&amp;webforms_id=BSVyG"">
ĐĂNG KÝ
</a>
<figure><img src=""http://gieoduyen.vn/wp-content/uploads/2018/03/khoi-nghiep-150x150.jpg"" alt=""khoi-nghiep"" /></figure>
<figure><img src=""http://gieoduyen.vn/wp-content/uploads/2018/03/hoi-thao-mbti-sinh-trac-van-tay-150x150.jpg"" alt=""hoi-thao-mbti-sinh-trac-van-tay"" /></figure>
<figure><img src=""http://gieoduyen.vn/wp-content/uploads/2018/03/sinh-trac-van-tay-intergen-1-150x150.jpg"" alt=""sinh-trac-van-tay-intergen-1"" /></figure>
<figure><img src=""http://gieoduyen.vn/wp-content/uploads/2018/03/hoi-thao-intergen-150x150.jpg"" alt=""hoi-thao-intergen"" /></figure>
<h1>NỘI DUNG KHÓA HỌC</h1>
<h3>TRÍ TUỆ TÂM LINH</h3>
<ul>
 	<li>Tìm nhận dạng và định hướng lẽ sống và đam mê</li>
 	<li>Giúp bạn biết bạn thuộc tuýp người hướng nội hay hướng ngoại, nguyên tắc hay linh hoạt, tình cảm hay lý trí để định hướng rõ hướng đi đúng cho cuộc đời của bạn.​</li>
 	<li>Hiểu về mình chính là hiểu về bốn nguồn năng lượng bên trong dưới góc nhìn của thiền năng lượng.</li>
 	<li>Đến với chương trình, bạn sẽ trả lời vì sao khởi nghiệp cần có trí tuệ tâm linh?</li>
</ul>
<h3>THỰC HÀNH TƯ DUY KHỞI NGHIỆP</h3>
<ul>
 	<li>Thẩm định ý tưởng bằng công cụ digital marketing.</li>
 	<li>Giải mã 3 bí ẩn của trí tuệ tâm linh để tìm được ý tưởng đột phá.</li>
 	<li>Hiểu nền tảng gốc rễ chuỗi công cụ digital marketing trong khởi nghiệp để làm chủ hệ thống kinh doanh tinh gọn.</li>
 	<li>Hiểu cách vận hành hệ thống kinh doanh trong giai đoạn startup cần những gì?</li>
</ul>
<h3>THỜI GIAN KHÓA HỌC</h3>
<ul>
 	<li>Ngày chủ nhật từ 9h đến 17h30 ngày 13 tháng 5 năm 2018</li>
</ul>
<h3>ĐỊA ĐIỂM</h3>
Hội trường đào tạo InterGen, Tầng 1, số 268 Tô Hiến Thành, P.15, Quận 10, TP.HCM (Tòa nhà BigC)

Chương trình muốn lan tỏa cho cộng đồng và được miễn phí chi phí đào tạo, bạn chỉ hỗ trợ chi phí tài liệu, trà nước và phòng học với <strong>mức phí hỗ trợ 290.000đ.</strong>",,"April 9, 2018",post,http://gieoduyen.vn/tri-tue-tam-linh-va-khoi-nghiep
315,"Khóa học Chánh Kiến trong đời sống","Tôi đã duyên phước tham gia thêm chương trình ""Chánh Kiến trong đời sống"" của <a href=""http://www.tranvietquan.com"">Thầy Trần Việt Quân</a> - Thầy hơn 20 năm kinh nghiệm Đông phương học và Quản trị nhân sự, là thành viên sáng lập Bách Khoa Education, và là cố vấn hệ thống trường Pathway.  Tôi cảm nhận được sâu sắc sự ứng dụng của Chánh pháp vào đời sống, có sự kết nối chiều sâu và tận gốc rễ của Giới Định Tuệ, Bát Chánh Đạo sẽ giúp cho chúng ta có một cuộc sống thật bình an và hạnh phúc.

Ngoài ra bạn đã từng học Năng Đoạn Kim Cương thì khóa học này bạn sẽ giúp bạn học gốc rễ của sơ đồ Phật học và mang tính ứng dụng thiết thực vào kinh doanh, vào quản lí và có một mối quan hệ hoàn hảo.

Đặc biệt

Khi được trải nghiệm lớp học Chánh kiến cùng với việc đã ứng dụng NLP vào thực tế. Tôi nhận được quá nhiều giá trị và nhận ra những kiến thức giá trị này sẽ phải thuộc về một NLP Master Coach. Tôi thật sự rất biết ơn hai người Thầy, đó là Thầy Vasanth Gopalan đã chia sẻ NLP và Thầy Trần Việt Quân đã chia sẻ về Chánh kiến
<h2>BẠN MUỐN CUỘC SỐNG TÂM AN - TRÍ MINH VÀ SỬ DỤNG TỐT LUẬT NHÂN QUẢ THÌ ĐĂNG KÝ LINK SAU NHÉ:</h2>
<figure><img src=""http://gieoduyen.vn/wp-content/uploads/2018/03/chanh-kien-300x200.jpg"" alt=""chanh-kien"" /></figure>
<figure><img src=""http://gieoduyen.vn/wp-content/uploads/2018/03/gieo-duyen-chanh-kien-300x169.jpg"" alt=""gieo-duyen-chanh-kien"" /></figure>
<figure><img src=""http://gieoduyen.vn/wp-content/uploads/2018/03/gieo-duyen-chanh-kien-3-300x169.jpg"" alt=""gieo-duyen-chanh-kien-3"" /></figure>
<figure><img src=""http://gieoduyen.vn/wp-content/uploads/2018/03/chanh-kien-2-300x169.jpg"" alt=""chanh-kien-2"" /></figure>
<h1>NỘI DUNG KHÓA HỌC CƠ BẢN VÀ NÂNG CAO</h1>
<h5>CẤU TRÚC NHÂN CÁCH CỐT LÕI</h5>
<ul>
 	<li>Cấu trúc nhân cách: 3 gốc rễ &amp; 3 độc tố</li>
 	<li>4 vòng tròn đào tạo</li>
 	<li>Nền tảng của sự thành công sự vào Giới Định Tuệ</li>
</ul>
<h5>SƠ ĐỒ PHẬT HỌC</h5>
<ul>
 	<li>Sơ đồ học phật, cách học hiệu quả</li>
 	<li>Như lý tác ý: phương pháp chuyển nghiệp</li>
 	<li>Nhân quả và quy luật gieo hạt đúng gốc rễ.</li>
 	<li>Ứng dụng Bát chánh đạo vào quản lí, đời sống.​</li>
</ul>
<h5>ỨNG DỤNG CHÁNH KIẾN</h5>
<ul>
 	<li>Chánh kiến về tiền, tháp nhu cầu Maslow, Tam quyền phân lập</li>
 	<li>Xây dựng đội ngũ, lục hòa, vòng tròn đệ nhị thân (đồng đội), cách giúp người, tạo phước</li>
 	<li>Cách bản ngã vận hành và chi phối con người, rèn luyện bản ngã</li>
</ul>
<h2>KHÓA HỌC CHÁNH KIẾN TRONG ĐỜI SỐNG TẠI TP.HCM</h2>
<h3>ĐỊA ĐIỂM VÀ THỜI GIAN HỌC</h3>
Nhấn vào link để xem địa chỉ và lịch học nhé

<a href=""www.bke.edu.vn/chanhkien"">
ĐĂNG KÝ TẠI ĐÂY (www.bke.edu.vn/chanhkien)
</a>",,"April 30, 2018",post,http://gieoduyen.vn/chanh-kien
449,"Thực hành Thiền Vipassana cùng Sư Thầy Thích Đồng Chơn","Với mong muốn được kết nối và gieo duyên, nhóm gieo duyên đã nhận được sự đồng thuận của thầy Thích Đồng Chơn, thầy đang sinh sống tại Ấn Độ để nghiên cứu luận án tiến sĩ phật học, trong dịp hè này Thầy sẽ về TP.Hồ Chí Minh để chia sẻ chương trình Đồng Nhất Thân Tâm Trí. Đây là chương trình đầy ý nghĩa giúp cho các anh chị muốn có cuộc sống Thân khỏe – Tâm an – Trí minh.
<p style=""animation-fill-mode: both; letter-spacing: 0.6px;"">Chương trình lần này Thầy sẽ hướng dẫn hành thiền Vipassana: Phân tích lợi ích theo sơ đồ não bộ về thiền giúp ích cho cơ thể như thế nào, từ đó hiểu như thế nào là thiền đúng; Phân tích về thiền định và thiền vipassana; Phương pháp hành thiền (thiền đi, thiền ngồi, thiền nằm, thiền minh sát).</p>
<p style=""animation-fill-mode: both; letter-spacing: 0.6px;"">Trong khóa học thầy sẽ kết hợp giảng nền tảng gốc rễ về chánh pháp cùng với phương pháp thiền để có một cuộc sống Thân khỏe – Tâm an – Trí minh.</p>

<figure><img src=""http://gieoduyen.vn/wp-content/uploads/2018/05/thien-768x576.jpg"" alt=""thien"" /></figure>
<figure><img src=""http://gieoduyen.vn/wp-content/uploads/2018/05/thien2-768x576.jpg"" alt=""thien2"" /></figure>
<figure><img src=""http://gieoduyen.vn/wp-content/uploads/2018/05/thien3-768x576.jpg"" alt=""thien3"" /></figure>
<figure><img src=""http://gieoduyen.vn/wp-content/uploads/2018/05/thien6-768x576.jpg"" alt=""thien6"" /></figure>
<figure><img src=""http://gieoduyen.vn/wp-content/uploads/2018/05/thien7-768x576.jpg"" alt=""thien7"" /></figure>
<figure><img src=""http://gieoduyen.vn/wp-content/uploads/2018/05/thien4-768x427.jpg"" alt=""thien4"" /></figure>
https://www.youtube.com/watch?v=UGXk6NPdqyk&amp;feature=youtu.be
<h3>THỜI GIAN VÀ ĐỊA ĐIỂM</h3>
<ul>
 	<li>Thời gian: Từ 8h30 đến 17h30 ngày 15, 16, 17 tháng 06-18</li>
 	<li>Địa điểm: Số 08 Tân Thới Nhất 17, P. Tân Thới Nhất, Q.12, TP.HCM</li>
</ul>
<h2><b>CHƯƠNG TRÌNH NHẰM MỤC ĐÍCH GIEO DUYÊN </b></h2>
<i>Các bạn tham gia có thể cùng gieo duyên để bạn mình cùng tham gia bằng cách nhập vào thông tin đăng ký tại form bên dưới để ban tổ chức sắp xếp chỗ học chu đáo.</i>",,"August 23, 2018",post,http://gieoduyen.vn/thien-vipassana
484,"Khóa thiền và rèn kỹ năng sống dành cho trẻ","<h2>Chương trình “ Phương thức chuyển hoá Đạo Đức, Lý tưởng” thế hệ trẻ</h2>
Với mong muốn mỗi ngày tâm trí con trẻ được khai sáng có thể tạo dựng hạnh phúc cho mình, cho người và cho đời.

Hôm nay chúng con được phước duyên lớn lao được nhận sự đồng thuận của Thầy Thích Đồng Chơn, Thầy hiện đang sinh sống và nghiên cứu luận án tiến sỹ phật học tại Ấn Độ. Với năng lực tu tập vững chãi, đạo pháp viên mãn cùng với đức hạnh và tình thương đối với trẻ, Thầy sẽ đồng hành cùng chương trình kỹ năng sống được thiết kế phù hợp với nhiệt huyết và lý tưởng thế hệ trẻ.

Các ngày trong tháng 05 năm 2018, Thầy sẽ chia sẻ chủ đề “ Phương thức chuyển hoá Đạo Đức, Lý tưởng” thế hệ trẻ.

<img src=""http://gieoduyen.vn/wp-content/uploads/2018/05/thien-danh-cho-tre-em.jpg"" sizes=""(max-width: 750px) 100vw, 750px"" srcset=""http://gieoduyen.vn/wp-content/uploads/2018/05/thien-danh-cho-tre-em.jpg 750w, http://gieoduyen.vn/wp-content/uploads/2018/05/thien-danh-cho-tre-em-300x200.jpg 300w"" alt="""" width=""750"" height=""501"" />
<h2>Kính thưa Quý Phụ huynh!</h2>
Tất cả chúng ta đều cần có sự nghiệp và thành công, nhưng chúng ta cũng cần được yêu thương và sự quan tâm.
<p style=""font-size: 17px; text-align: center;"">Ơn nghĩa sinh thành tựa núi non.</p>
<p style=""font-size: 17px; text-align: center;"">Mẹ cha là thánh của đời con.</p>
<p style=""font-size: 17px; text-align: center;"">Dù đi xa cách muôn phương ấy.</p>
<p style=""font-size: 17px; text-align: center;"">Chữ hiếu con đây mãi giữ tròn.</p>
<p style=""font-size: 17px;"">Vâng! Đúng như thế, vì những gánh nặng, những áp lực trong cuộc sống mà những khổ đau kia vô hình chung đã trở thành bức tường thành ngăn cách sự truyền thông giữa chúng con với cha mẹ, nó khiến cho đôi bên không thể lắng nghe nhau, không thể thấu hiểu nhau được. Bức tường thành ấy có thể là sở thích, tính cách, kiến thức, quan điểm sống....</p>
Đây là chương trình hết sức ý nghĩa giúp con trẻ có thể kết nối yêu thương với gia đình và xã hội. Khi tình thương trong con đủ lớn, lúc ấy con thể tưới tẩm hạt giống yêu thương cho những người thương của mình, bởi vì suy cho cùng tất cả chúng ta đều có ân tình với nhau. Mục đích cuối cùng của chương trình là điều mà ai trong tất cả chúng ta đều luôn miệt mài nỗ lực để đạt được, đó là một hạnh phúc thật sự và vững bền.
<h2>LỢI ÍCH CỦA THIỀN DÀNH CHO TRẺ</h2>
<ul>
 	<li>Ý thức hơn về mục đích sống</li>
</ul>
<ul>
 	<li>Phát triển lòng yêu thương</li>
</ul>
<ul>
 	<li>Bình an và tự tin hơn</li>
</ul>
<ul>
 	<li>Trí nhớ tốt hơn</li>
</ul>
<ul>
 	<li>Thái độ tích cực hơn</li>
</ul>
<ul>
 	<li>Hệ miễn dịch tốt hơn</li>
</ul>
<h3>THỜI GIAN</h3>
Khóa 1: Từ 8h đến 17h thứ 2 ngày 14 tháng 5 năm 2018
( Dành cho trẻ từ 11 đến 14 tuổi )
<h3>THỜI GIAN</h3>
Khóa 2: Từ 8h đến 17h ngày 17 tháng 5 năm 2018
( Dành cho trẻ từ 15 đến 18 tuổi )
<h3>THỜI GIAN</h3>
Khóa 3: Từ 8h đến 17h ngày 23 tháng 5 năm 2018
( Dành cho trẻ từ 06 đến 10 tuổi )
<h3>THỜI GIAN</h3>
Khóa 4: Từ 8h đến 17h thứ 7 ngày 26 tháng 5 năm 2018
( Dành cho trẻ từ 06 đến 13 tuổi )
<h3>ĐỊA ĐIỂM</h3>
KHÓA 1, 2, 3: học tại Số 08 Tân Thới Nhất 17, P. Tân Thới Nhất, Q.12, TP.HCM
KHÓA 4: học tại Hội trường VIP InterGen, Lầu 1, Số 268 Tô Hiến Thành, P.15, Quận 10, TP.HCM

CHƯƠNG TRÌNH NHẰM MỤC ĐÍCH GIEO DUYÊN KHÔNG THU PHÍ GIẢNG DẠY

Quý phụ huynh chỉ đóng phí: đồng phục tu thiền 240 ngàn/bé, phí ăn trưa 20k/bé.",,"May 10, 2018",post,http://gieoduyen.vn/khoa-thien-tre-em
621,"Khóa học Sinh trắc vân tay kết hợp NLP","Đây là chương trình đặc biệt kết hợp mới lạ và đặc biệt giữa Sinh trắc vân tay và NLP nhằm khám phá bí ẩn bên trong bạn và kích hoạt nguồn lực vượt trội để thành công trong sự nghiệp và các mối quan hệ.

Bạn đến với khóa học sẽ giải mã được tại sao lại có người thì bản tính sinh ra lại mềm mỏng, người thì mạnh mẽ, người thì rất nguyên tắc? Bạn được học cách nhận dạng người có vân tay Loop, whorl, arch thì biểu hiện đặc tính giống như nước, đại bàng, núi như thế nào?

Bạn học cách đàm phán, thương lượng, giao tiếp hiệu qua theo từng nhận dạng dựa vào chủng vân tay.

<a href=""https://app.getresponse.com/site2/1703_sinhtracvantay_mbti?u=BryAf&amp;webforms_id=BSIMv"">
ĐĂNG KÝ
</a>
<figure><img src=""http://gieoduyen.vn/wp-content/uploads/2018/03/khoi-nghiep-300x200.jpg"" alt=""khoi-nghiep"" /></figure>
<figure><img src=""http://gieoduyen.vn/wp-content/uploads/2018/03/hoi-thao-mbti-sinh-trac-van-tay-300x200.jpg"" alt=""hoi-thao-mbti-sinh-trac-van-tay"" /></figure>
<figure><img src=""http://gieoduyen.vn/wp-content/uploads/2018/03/sinh-trac-van-tay-intergen-1-300x199.jpg"" alt=""sinh-trac-van-tay-intergen-1"" /></figure>
<figure><img src=""http://gieoduyen.vn/wp-content/uploads/2018/03/hoi-thao-intergen-300x164.jpg"" alt=""hoi-thao-intergen"" /></figure>
<h1>NỘI DUNG KHÓA HỌC</h1>
<h3>SINH TRẮC VÂN TAY</h3>
<ul>
 	<li>Học cách nhận dạng vân tay để đọc vị tính cách của bản thân và bất kì ai.</li>
 	<li>Tìm nhận dạng thông qua Sinh trắc vân tay.</li>
 	<li>Nhận dạng tính cách và ứng dụng trong đàm phán kinh doanh, giao tiếp, nuôi dạy con hiệu quả.</li>
 	<li>Giải mã bí mật não bộ tìm ra vùng hưng phấn giúp thành công khi khởi nghiệp và kể cả nuôi dạy con.</li>
 	<li>Giải mã bí mật não bộ tìm ra vùng hưng phấn của não bộ. Nếu bạn là Master coach NLP bạn cần nắm vừng quy luật này để ứng dụng quy trình coach hiệu quả.</li>
</ul>
<h3>ỨNG DỤNG NLP</h3>
<ul>
 	<li>Xác định rõ lẽ sống của chính mình.</li>
 	<li>Ứng dụng 3 tư duy xuất chúng trong NLP để kích hoạt vô giới hạn của bản thân.</li>
 	<li>16 dạng tính cách, bạn thuộc dạng tính cách nào.</li>
 	<li>Giải mã bí ẩn của trí tuệ tâm linh.</li>
 	<li>Đến với chương trình, bạn sẽ trả lời được câu hỏi quan trọng: Tại sao hai vợ chồng sống với nhau một thời gian lại ""mất lửa"", muốn chia tay nhau? nguyên nhân từ đâu?​</li>
</ul>
<h3>THỜI GIAN HỌC</h3>
Từ 8h30 đến 17h thứ 4 ngày 15-08-18
Hoặc bạn đăng ký và khi nào có lịch học cuối tuần hoặc trong tuần khác sẽ thông báo cho bạn.
<h3>ĐỊA ĐIỂM</h3>
38 Trần Quý Khoách, P.Tân Định, Q.1, TP.HCM
<h1 style=""text-align: center;""><strong>Chương trình muốn lan tỏa cho cộng đồng và được miễn phí chi phí đào tạo, chỉ thu phí hỗ trợ 190.000 đ/người (bao gồm tài liệu, nước, tea-break, địa điểm)</strong></h1>",,"July 16, 2018",post,http://gieoduyen.vn/khoa-hoc-sinh-trac-van-tay-ket-hop-nlp
639,"Ngày hội 365 ngày hạnh phúc","<h2>
“NGÀY HỘI 365 NGÀY HẠNH PHÚC”</h2>		
		<img width=""600"" height=""400"" src=""http://gieoduyen.vn/wp-content/uploads/2018/10/IMG_7606-Copy.jpg"" alt="""" srcset=""http://gieoduyen.vn/wp-content/uploads/2018/10/IMG_7606-Copy.jpg 600w, http://gieoduyen.vn/wp-content/uploads/2018/10/IMG_7606-Copy-300x200.jpg 300w"" sizes=""(max-width: 600px) 100vw, 600px"" />		
		<p><strong>Một chương trình vô cùng ý nghĩa do InnerSpace tổ chức, nơi được mệnh danh là xứ sở thần tiên, xứ sở hạnh phúc.</strong><strong><br /></strong></p><ul><li> Nơi này là tổ chức của nước ngoài, có phòng thiền miễn phí, nước chảy róc rách, không gian yên tĩnh bất kỳ lúc nào bạn đến để nghỉ ngơi đều được. Hàng tuần đều có lớp học nhưng lần này đặc biệt là lớp của một người đồng sáng lập cô Trish Summerfield từ New Zealand về chia sẻ.</li></ul>		
		<img width=""854"" height=""480"" src=""http://gieoduyen.vn/wp-content/uploads/2018/10/Trish-Summerfield-nguoi-gieo-mam-hanh-phuc.jpg"" alt="""" srcset=""http://gieoduyen.vn/wp-content/uploads/2018/10/Trish-Summerfield-nguoi-gieo-mam-hanh-phuc.jpg 854w, http://gieoduyen.vn/wp-content/uploads/2018/10/Trish-Summerfield-nguoi-gieo-mam-hanh-phuc-300x169.jpg 300w, http://gieoduyen.vn/wp-content/uploads/2018/10/Trish-Summerfield-nguoi-gieo-mam-hanh-phuc-768x432.jpg 768w"" sizes=""(max-width: 854px) 100vw, 854px"" />		
		<ul><li> Bạn hãy đến để được nghe tiếng nước chảy róc rách, được thiền định, được trải nghiệm thiên nhiên và bình an vô cùng.</li></ul><ul><li> Thực ra, hạnh phúc là một cảm giác đến từ nội tâm, không phải do ai đó mang lại, cũng không phải bởi nhận định của người khác. Nếu bạn cứ mãi đi tìm kiếm hạnh phúc ở bên ngoài, bạn sẽ mãi tìm mà không bao giờ đạt được.</li></ul><ul><li>Để thắp lên ánh sáng hạnh phúc trong tâm hồn mỗi chúng ta. Ngày hội “365 ngày Hạnh phúc” thuộc dự án Triệu Triệu Nụ Cười do Inner Space khởi xướng và vận hành được tiếp tục tổ chức trong năm nay.</li></ul>Hãy cùng tham dự và đánh thức niềm hạnh phúc của mình bạn nào. Cùng gieo duyên cho bạn bè được có cơ hội sống an nhiên nha cả nhà!Hãy đủ sẵn sàng nguồn lực sẽ xuất hiện và trợ duyên cho bạn có mặt tại chương trình này <img src=""https://mail.google.com/mail/e/1f49d"" alt=""&#x1f49d;"" data-goomoji=""1f49d"" data-image-whitelisted="""" />		
			<h2>Dự án:&nbsp;Triệu Triệu Nụ Cười</h2>		
		<p style=""text-align: center;"">Đối tượng tham dự: Từ 15 tuổi trở lên</p>		
			<h2>THỜI GIAN</h2>		
		<p>Từ 9:00 am đến 14:00 pm chiều CN ngày 07/10/2018</p>		
			<h2>ĐỊA ĐIỂM</h2>		
		<p>Inner Space Bình Triệu: Số 30, đường số 7, Kp 1, F. Hiệp Bình Chánh, QL 13, Bình Triệu, Thủ Đức.</p>		
			<a href=""https://innerspace.vn/event/ngay-hoi-365-ngay-hanh-phuc/"">
						ĐĂNG KÍ MIỄN PHÍ
					</a>",,"October 4, 2018",post,http://gieoduyen.vn/ngay-hoi-365-ngay-hanh-phuc
669,"Các khóa học thân tâm trí miễn phí tại tổ chức Inner Space","Giữa Sài Gòn ồn ào, đông nghịt người và ngộp thở những toà nhà cao tầng hình hộp, bạn có bao giờ thèm đến một nơi xanh mát, tĩnh lặng… đến mức có thể nghe được tiếng nói rất khẽ của chính tâm hồn mình?

Giữa một cuộc sống bộn bề lo toan, nhiều tổn thương và cạn kiệt niềm tin, bạn có bao giờ khao khát một nơi để xoa dịu những nỗi niềm để từng giây bạn sống trên đời trở nên ý nghĩa và hữu ích?

<a href=""https://innerspace.vn/cac-khoa-hoc-va-workshop/#"" rel=""nofollow"">Inner Space Việt Nam</a> hoạt động với mục đích phi lợi nhuận và thường xuyên tổ chức các khóa học không tính phí, hãy đến để trải nghiệm hoặc tìm hiểu thêm <a href=""https://innerspace.vn/lich-su-hinh-thanh-inner-space-viet-nam/"" rel=""nofollow"">tại đây</a>

<img src=""http://gieoduyen.vn/wp-content/uploads/2019/03/IMG_7606-Copy.jpg"" sizes=""(max-width: 600px) 100vw, 600px"" srcset=""http://gieoduyen.vn/wp-content/uploads/2019/03/IMG_7606-Copy.jpg 600w, http://gieoduyen.vn/wp-content/uploads/2019/03/IMG_7606-Copy-300x200.jpg 300w"" alt="""" width=""600"" height=""400"" />

Một nơi giúp bạn có được sự bình an tâm trí và có thể xem đây là ngôi nhà thứ hai của mỗi người. Về đây mỗi khi bạn muốn quay về tĩnh lặng với chính mình và tìm lại con người thật sự của mình.

<iframe src=""https://www.youtube.com/embed/1xoLJdTKqvU"" width=""600"" height=""338"" frameborder=""0"" allowfullscreen=""allowfullscreen""></iframe>
<h1>ĐĂNG KÝ CÁC KHÓA HỌC MIỄN PHÍ HÀNG TUẦN TẠI WEB INNER SPACE</h1>
<a href=""https://innerspace.vn/"">
CLICK VÀO ĐỂ ĐẾN TRANG WEB INNER SPACE
</a>
<h3 style=""text-align: center;""><strong>ĐẾN VỚI INNER SPACE</strong></h3>
<strong>Web: <a href=""http://www.innerspace.vn"">www.innerspace.vn</a></strong>

<strong>Trụ sở tại Bình Triệu: </strong>Số 30 Đường số 7, Khu phố 1, Phường Hiệp Bình Chánh, Quận Thủ Đức, TP.HCM. <a href=""https://innerspace.vn/lien-he/#ban_do_binh_trieu"" target=""_blank"" rel=""nofollow noopener"">Bản đồ</a>.

<strong>Giờ hoạt động:
</strong>• T2-T6: 8.30am – 12pm &amp; 2pm – 8.30pm
• CN: 9am – 12pm &amp; 2pm – 8.30pm
<strong>ĐT:</strong> (028) 62 83 96 09

<a href=""https://innerspace.vn/#"" rel=""nofollow""><strong>Chi nhánh tại Tân Phú:</strong> </a>75/2-4, Lý Thánh Tông, P.Tân Thới Hòa, Q. Tân Phú, TP.HCM. <a href=""https://innerspace.vn/lien-he/#ban_do_tan_phu"" target=""_blank"" rel=""nofollow noopener"">Bản đồ</a>.

<strong>Giờ hoạt động:</strong>
• T2-T7: 8.30am – 12pm &amp; 2.30pm – 8.30pm
• CN: 10am – 12pm &amp; 2.30pm – 8.30pm
<strong>ĐT:</strong> (028) 62 64 05 35 | (028) 66 58 74 05",,"October 10, 2018",post,http://gieoduyen.vn/inner-space
699,"Buổi Pháp Thoại Trực Tiếp Của Sư Thầy Thích Minh Niệm","<img src=""http://gieoduyen.vn/wp-content/uploads/2018/10/thich-minh-niem-1533430010.jpg"" sizes=""(max-width: 750px) 100vw, 750px"" srcset=""http://gieoduyen.vn/wp-content/uploads/2018/10/thich-minh-niem-1533430010.jpg 750w, http://gieoduyen.vn/wp-content/uploads/2018/10/thich-minh-niem-1533430010-300x190.jpg 300w"" alt="""" width=""750"" height=""476"" />
<p style=""text-align: center;""><i>Thầy Thích Minh Niệm - tác giả sách ""Hiểu Về Trái Tim""</i></p>

<h2>Buổi Pháp Thoại Trực Tiếp Của Sư Thầy Thích Minh Niệm</h2>
<h1 style=""color: #222222; font-family: Arial, Helvetica, sans-serif; font-size: small; background-color: #ffffff;"">Sự thảnh thơi và an vui trong cuộc sống đang là những giá trị mà chúng ta đang theo đuổi. Gieo duyên hân hoan thông tin đến Quý vị buổi Pháp thoại trực tiếp của Sư Thầy Thích Minh Niệm như sau:</h1>
<h2>THÔNG TIN CHI TIẾT</h2>
<h4 style=""text-align: center;""><b>CHỦ ĐỀ</b></h4>
<ul>
 	<li>Buổi pháp thoại được chia làm 2 phần, và có 15 phút nghỉ giải lao lúc chuyển tiếp.</li>
</ul>
#1 - Bao giờ mới leo qua nổi vách sầu?
#2 - Hãy để chánh niệm đẩy lùi khổ đau
<h2>THỜI GIAN</h2>
<p style=""text-align: center;"">14g00 – 17g30, Chủ nhật, ngày 04/11/2018</p>

<h2>ĐỊA ĐIỂM</h2>
<p style=""text-align: center;"">Tân Bình</p>

<h2>ĐĂNG KÍ</h2>
<p style=""text-align: center;"">Thời hạn: thứ 6, 02/11/2018, hoặc khi đủ số lượng</p>
<p style=""text-align: center;"">BGV (Ban tổ chức) chúng con rất tiếc, hiện nay số đăng ký đã vượt quá số lượng giới hạn nên chúng con sẽ không nhận thêm bất cứ đăng ký nào. Chúng con xin hẹn quý vị vào một buối pháp thoại khác trong thời gian tới.</p>
<p style=""text-align: center;"">Kính chúc quý vị nhiều an lạc.</p>
<a href=""https://docs.google.com/forms/d/e/1FAIpQLScwsDJYdUcC2yj8c22qbSOHO-7BQn3nS8wD8q94q52a2vI5Rg/viewform"">
ĐĂNG KÍ
</a>
<h2>LƯU Ý</h2>
<ul>
 	<li>Đến trước 30 phút và chỉ ra về khi chương trình kết thúc​</li>
 	<li>Giữ im lặng tuyệt đối, không sử dụng điện thoại (lưu ý tắt các chuông báo).</li>
 	<li>Trang phục kín đáo, phù hợp (không mặc áo dài lam, không mặc váy đầm).</li>
 	<li>Buổi Pháp thoại chỉ dành cho Quý vị trên 18 tuổi.</li>
</ul>
<ul>
 	<li>Quý vị có thể đăng ký cho người thân hoặc bạn bè theo đường dẫn trên. Xin cân nhắc sự có mặt của Quý vị trước khi đăng ký, để dành chỗ cho những đại chúng khác.</li>
 	<li>Quý vị đến bàn lễ tân để được điểm danh vào tham dự buổi Pháp thoại</li>
</ul>",,"October 29, 2018",post,http://gieoduyen.vn/buoi-phap-thoai-truc-tiep-cua-su-thay-thich-minh-niem
743,"Chương trình Thai giao và Giáo dục sớm","Chương trình thai giáo và giáo dục sớm dành cho các bầu thân yêu đang mong muốn quản trị cảm xúc khi mang thai, nuôi dưỡng thân tâm trí của con ngay trong bào thai, hiểu và vận dụng tốt phương pháp thai giáo và giáo dục sớm cho con ngay trong giai đoạn vàng. Đặc biệt chương trình cũng dành cho các phụ nữ đang hiếm muộn với mong muốn cộng hưởng nhận năng lượng để sớm chào đón thiên thần.

Chương trình sẽ do chị Master Coach NLP, Th.s Nguyễn Thị Hồng Kiều chia sẻ, hiện chị đã có ba con và đang mang bầu bé thứ 3 ở tháng thứ 8 với nhiều trải nghiệm trong việc ứng dụng nhiều phương pháp thân tâm trí từ các minh sư trong và ngoài nước để đồng hành tốt nhất cùng với 3 con của mình.
<h2>CHƯƠNG TRÌNH GIẢI MÃ CÁC CÂU HỎI SAU:</h2>
<ul>
 	<li>Quản trị cảm xúc trong giai đoạn thai giáo như thế nào để mẹ luôn xinh tươi và con phát triển chỉ số EQ vượt trội?</li>
 	<li>Trong giai đoạn mang thai mẹ bầu cần làm gì để não trẻ phát triển vượt trội?</li>
 	<li>Kinh nghiệm gì để bé sau khi sinh luôn khỏe mạnh và nói không với bệnh viện?</li>
 	<li>Giáo dục sớm là gì? Và tại sao cần giáo dục sớm? Phương pháp thực tế nào đã áp dụng giáo dục sớm thành công?</li>
 	<li>Giai đoạn vàng của trẻ và các cách kích hoạt thực tế đã ứng dụng giúp bé yêu sách và có khả năng biết đọc sớm để phát triển tối ưu não bộ là gì?</li>
 	<li>Được chia sẻ thêm Bí quyết sinh con như ý</li>
</ul>
<h2>ĐỐI TƯỢNG THAM GIA</h2>
<ul>
 	<li>Mẹ đang mang thai</li>
 	<li>Phụ nữ đã lập gia đình và mong muốn có con</li>
 	<li>Mẹ đang nuôi con giai đoạn vàng từ 1 đến 6 tuổi</li>
</ul>
<a href=""https://app.getresponse.com/site2/thaigiaovagiaoducsom?u=BryAf&amp;webforms_id=BlSP5"">
ĐĂNG KÝ THAM GIA
</a>
<figure><img src=""http://gieoduyen.vn/wp-content/uploads/2019/03/thai-giao-va-giao-duc-som-2-768x576.jpg"" alt=""thai-giao-va-giao-duc-som-2"" /></figure>
<figure><img src=""http://gieoduyen.vn/wp-content/uploads/2019/03/thai-giao-va-giao-duc-som-6-768x576.jpg"" alt=""thai-giao-va-giao-duc-som-6"" /></figure>
<figure><img src=""http://gieoduyen.vn/wp-content/uploads/2019/03/thai-giao-va-giao-duc-som-4-768x551.jpg"" alt=""thai-giao-va-giao-duc-som-4"" /></figure>
<figure><img src=""http://gieoduyen.vn/wp-content/uploads/2019/03/thai-giao-va-giao-duc-som-5-768x576.jpg"" alt=""thai-giao-va-giao-duc-som-5"" /></figure>
<figure><img src=""http://gieoduyen.vn/wp-content/uploads/2019/03/hinh-gia-dinh.jpg"" alt=""hinh gia dinh"" /></figure>
Trên đây là hình ảnh của mẹ bầu đang mang thai bé thứ ba và hành trình trải nghiệm nhiều giá trị khi thực hiện chuyến hành hương 13 ngày trên đất Ấn Độ, hành thiền và leo 3 ngọn núi khi đang mang thai ở tháng thứ 4. Sau đó ở tháng 6 đã ngồi thiền 10 tiếng/một ngày ở khóa thiền Vipassana 10 ngày. Sau đó vẫn tiếp tục lan tỏa một số chương trình ở các tỉnh trong khi mang thai với một sức khỏe tuyệt vời. Vì vậy dù chị đang mang thai ở tháng cuối nhưng chị vẫn muốn gieo duyên cho cộng đồng các mẹ bầu một số các phương pháp ứng dụng hiệu quả.
<figure><img src=""http://gieoduyen.vn/wp-content/uploads/2019/03/thai-giao-va-giao-duc-som-7-768x576.jpg"" alt=""thai-giao-va-giao-duc-som-7"" /></figure>
<figure><img src=""http://gieoduyen.vn/wp-content/uploads/2019/03/thai-giao-va-giao-duc-som-8-768x576.jpg"" alt=""thai-giao-va-giao-duc-som-8"" /></figure>
<figure><img src=""http://gieoduyen.vn/wp-content/uploads/2019/03/thai-giao-va-giao-duc-som-3-768x576.jpg"" alt=""thai-giao-va-giao-duc-som-3"" /></figure>
<a href=""&lt;script type=&quot;text/javascript&quot; src=&quot;https://app.getresponse.com/view_webform_v2.js?u=BryAf&amp;webforms_id=BlSP5&quot;&gt;&lt;/script&gt;"">
THỂ LỆ THAM GIA
</a>
<ul>
 	<li>Chi phí đào tạo miễn phí, chỉ thu phí hỗ trợ 300 ngàn/người (chi phí này dành cho quỹ từ thiện gieo duyên tặng sách, chi phí tổ chức và ăn uống dành cho bà bầu trong ngày đào tạo)</li>
 	<li>Chương trình có thực hành thiền nên bầu nhớ tập ngồi mỗi ngày 10-30 phút để làm quen trước khi tham gia chương trình nhé.</li>
</ul>
<h3>THỜI GIAN VÀ ĐỊA ĐIỂM</h3>
<ul>
 	<li>Thời gian: Mỗi quý tổ chức 1 lần, bạn đăng ký có lịch sẽ thông báo qua mail</li>
 	<li>Địa điểm: 01 Trần Khánh Dư, P. Tân Định, Quận 1, TP.HCM.</li>
</ul>
S<b>au khi đăng ký kiểm tra email và phản hồi chắc chắn tham gia để chương trình giữ chỗ cho bầu nha vì số lượng hội trường có hạn ạ!</b>

Chương trình chúc mẹ bầu khỏe và tràn đầy năng lượng bình an để chào đón thiên thần nhé!",,"March 5, 2019",post,http://gieoduyen.vn/thai-giao-va-giao-duc-som
938,"Hiệu trưởng NLP Hoa Kỳ đào tạo tinh thần Doanh Nhân Thế Hệ Mới","Người thầy tuyệt vời Robert Dilts, nhà sáng lập và hiệu trưởng trường đào tạo NLP Hoa Kì, người tạo ra những công thức NLP siêu ứng dụng, tác giả 25 cuốn sách, người thầy của những người thầy trong lĩnh vực NLP, đã dạy cho chúng tôi biết, làm thế nào để chúng tôi có thể trở thành Doanh Nhân Thế Hệ Mới?

<img src=""http://gieoduyen.vn/wp-content/uploads/2019/08/doanh-nhan-the-he-moi-4-1024x587.jpg"" sizes=""(max-width: 900px) 100vw, 900px"" srcset=""http://gieoduyen.vn/wp-content/uploads/2019/08/doanh-nhan-the-he-moi-4-1024x587.jpg 1024w, http://gieoduyen.vn/wp-content/uploads/2019/08/doanh-nhan-the-he-moi-4-300x172.jpg 300w, http://gieoduyen.vn/wp-content/uploads/2019/08/doanh-nhan-the-he-moi-4-768x440.jpg 768w, http://gieoduyen.vn/wp-content/uploads/2019/08/doanh-nhan-the-he-moi-4-1200x688.jpg 1200w, http://gieoduyen.vn/wp-content/uploads/2019/08/doanh-nhan-the-he-moi-4.jpg 1280w"" alt="""" width=""900"" height=""516"" />

Điều đặc biệt là lúc ấy tôi đang mang thai con gái yêu được 6 tháng, sau khi vừa đi hành hương ở Ấn Độ về. Tôi cảm thấy may mắn và biết ơn khi con gái của mình đã nhận được những nguồn năng lượng tích cực và bình an khi bé còn đang ở trong bụng mẹ.

Đặc biệt tôi vô cùng biết ơn thầy Vas, nhờ nền tảng thầy dạy mà tôi mới thấu hiểu được những tri thức lớn từ người thầy tuyệt vời Robert Dilts.
<figure><img src=""http://gieoduyen.vn/wp-content/uploads/2019/08/doanh-nhan-the-he-moi-2-768x539.jpg"" alt=""doanh-nhan-the-he-moi-2"" /></figure>
<figure><img src=""http://gieoduyen.vn/wp-content/uploads/2019/08/doanh-nhan-the-he-moi-1-768x449.jpg"" alt=""doanh-nhan-the-he-moi-1"" /></figure>
<figure><img src=""http://gieoduyen.vn/wp-content/uploads/2019/08/doanh-nhan-the-he-moi-3-768x432.jpg"" alt=""doanh-nhan-the-he-moi-3"" /></figure>
<figure><img src=""http://gieoduyen.vn/wp-content/uploads/2019/08/doanh-nhan-the-he-moi-6-768x427.jpg"" alt=""doanh-nhan-the-he-moi-6"" /></figure>
Điều đặc biệt là lúc ấy tôi đang mang thai con gái yêu được 6 tháng, sau khi vừa đi hành hương ở Ấn Độ về. Tôi cảm thấy may mắn và biết ơn khi con gái của mình đã nhận được những nguồn năng lượng tích cực và bình an khi bé còn đang ở trong bụng mẹ.

Đặc biệt tôi vô cùng biết ơn thầy Vas, nhờ nền tảng thầy dạy mà tôi mới thấu hiểu được những tri thức lớn từ người thầy tuyệt vời Robert Dilts.

Giá trị cốt lõi, xuyên suốt trong khoá học 3 ngày “Doanh Nhân Thế Hệ Mới” của thầy, quyết định sự thành công trọn vẹn và bền vững của bất kỳ một doanh nghiệp nào, trong bất kỳ một lĩnh vực nào, đó là:
<h3>TINH THẦN CHO ĐI LÀ CÒN MÃI</h3>
Người doanh nhân cần phải biết CHO ĐI, với tình yêu thương thật sự dành cho cuộc sống, mong muốn lớn nhất của họ là xây dựng cuộc sống tốt đẹp trên nhiều khía cạnh: Môi trường, nền kinh tế, cải thiện mức sống, cơ hội việc làm, phúc lợi xã hội, sản phẩm chất lượng, phát triển công nghệ,...

“Cho đi là còn mãi” -Tôi luôn giữ cho mình niềm tin vững chắc như vậy. Và tôi lại tiếp tục được nhận thông điệp ấy thông qua người thầy lớn Robert Dilts.

Để tiếp tục sứ mệnh trao đi của mình, tôi tổng hợp tại đây những câu nói truyền cảm hứng của thầy Robert, tin rằng sẽ giúp bạn rất nhiều trong việc chuyển mình trở thành người doanh nhân của thế hệ mới, mang lại nhiều giá trị bền vững cho cộng đồng:

<img src=""http://gieoduyen.vn/wp-content/uploads/2019/08/doanh-nhan-the-he-moi-5-1024x791.jpg"" sizes=""(max-width: 900px) 100vw, 900px"" srcset=""http://gieoduyen.vn/wp-content/uploads/2019/08/doanh-nhan-the-he-moi-5-1024x791.jpg 1024w, http://gieoduyen.vn/wp-content/uploads/2019/08/doanh-nhan-the-he-moi-5-300x232.jpg 300w, http://gieoduyen.vn/wp-content/uploads/2019/08/doanh-nhan-the-he-moi-5-768x593.jpg 768w, http://gieoduyen.vn/wp-content/uploads/2019/08/doanh-nhan-the-he-moi-5-1200x927.jpg 1200w, http://gieoduyen.vn/wp-content/uploads/2019/08/doanh-nhan-the-he-moi-5.jpg 1280w"" alt="""" width=""900"" height=""695"" />
<img src=""http://gieoduyen.vn/wp-content/uploads/2019/08/doanh-nhan-the-he-moi-7-1024x790.jpg"" sizes=""(max-width: 900px) 100vw, 900px"" srcset=""http://gieoduyen.vn/wp-content/uploads/2019/08/doanh-nhan-the-he-moi-7-1024x790.jpg 1024w, http://gieoduyen.vn/wp-content/uploads/2019/08/doanh-nhan-the-he-moi-7-300x232.jpg 300w, http://gieoduyen.vn/wp-content/uploads/2019/08/doanh-nhan-the-he-moi-7-768x593.jpg 768w, http://gieoduyen.vn/wp-content/uploads/2019/08/doanh-nhan-the-he-moi-7-1200x926.jpg 1200w, http://gieoduyen.vn/wp-content/uploads/2019/08/doanh-nhan-the-he-moi-7.jpg 1280w"" alt="""" width=""900"" height=""694"" />
<img src=""http://gieoduyen.vn/wp-content/uploads/2019/08/doanh-nhan-the-he-moi-9-1024x790.jpg"" sizes=""(max-width: 900px) 100vw, 900px"" srcset=""http://gieoduyen.vn/wp-content/uploads/2019/08/doanh-nhan-the-he-moi-9-1024x790.jpg 1024w, http://gieoduyen.vn/wp-content/uploads/2019/08/doanh-nhan-the-he-moi-9-300x232.jpg 300w, http://gieoduyen.vn/wp-content/uploads/2019/08/doanh-nhan-the-he-moi-9-768x593.jpg 768w, http://gieoduyen.vn/wp-content/uploads/2019/08/doanh-nhan-the-he-moi-9-1200x926.jpg 1200w, http://gieoduyen.vn/wp-content/uploads/2019/08/doanh-nhan-the-he-moi-9.jpg 1280w"" alt="""" width=""900"" height=""694"" />
<img src=""http://gieoduyen.vn/wp-content/uploads/2019/08/doanh-nhan-the-he-moi-10-1024x790.jpg"" sizes=""(max-width: 900px) 100vw, 900px"" srcset=""http://gieoduyen.vn/wp-content/uploads/2019/08/doanh-nhan-the-he-moi-10-1024x790.jpg 1024w, http://gieoduyen.vn/wp-content/uploads/2019/08/doanh-nhan-the-he-moi-10-300x232.jpg 300w, http://gieoduyen.vn/wp-content/uploads/2019/08/doanh-nhan-the-he-moi-10-768x593.jpg 768w, http://gieoduyen.vn/wp-content/uploads/2019/08/doanh-nhan-the-he-moi-10-1200x926.jpg 1200w, http://gieoduyen.vn/wp-content/uploads/2019/08/doanh-nhan-the-he-moi-10.jpg 1280w"" alt="""" width=""900"" height=""694"" />
<img src=""http://gieoduyen.vn/wp-content/uploads/2019/08/doanh-nhan-the-he-moi-11-1024x790.jpg"" sizes=""(max-width: 900px) 100vw, 900px"" srcset=""http://gieoduyen.vn/wp-content/uploads/2019/08/doanh-nhan-the-he-moi-11-1024x790.jpg 1024w, http://gieoduyen.vn/wp-content/uploads/2019/08/doanh-nhan-the-he-moi-11-300x232.jpg 300w, http://gieoduyen.vn/wp-content/uploads/2019/08/doanh-nhan-the-he-moi-11-768x593.jpg 768w, http://gieoduyen.vn/wp-content/uploads/2019/08/doanh-nhan-the-he-moi-11-1200x926.jpg 1200w, http://gieoduyen.vn/wp-content/uploads/2019/08/doanh-nhan-the-he-moi-11.jpg 1280w"" alt="""" width=""900"" height=""694"" />
<img src=""http://gieoduyen.vn/wp-content/uploads/2019/08/doanh-nhan-the-he-moi-12-1024x790.jpg"" sizes=""(max-width: 900px) 100vw, 900px"" srcset=""http://gieoduyen.vn/wp-content/uploads/2019/08/doanh-nhan-the-he-moi-12-1024x790.jpg 1024w, http://gieoduyen.vn/wp-content/uploads/2019/08/doanh-nhan-the-he-moi-12-300x232.jpg 300w, http://gieoduyen.vn/wp-content/uploads/2019/08/doanh-nhan-the-he-moi-12-768x593.jpg 768w, http://gieoduyen.vn/wp-content/uploads/2019/08/doanh-nhan-the-he-moi-12-1200x926.jpg 1200w, http://gieoduyen.vn/wp-content/uploads/2019/08/doanh-nhan-the-he-moi-12.jpg 1280w"" alt="""" width=""900"" height=""694"" />
<img src=""http://gieoduyen.vn/wp-content/uploads/2019/08/doanh-nhan-the-he-moi-13-1024x790.jpg"" sizes=""(max-width: 900px) 100vw, 900px"" srcset=""http://gieoduyen.vn/wp-content/uploads/2019/08/doanh-nhan-the-he-moi-13-1024x790.jpg 1024w, http://gieoduyen.vn/wp-content/uploads/2019/08/doanh-nhan-the-he-moi-13-300x232.jpg 300w, http://gieoduyen.vn/wp-content/uploads/2019/08/doanh-nhan-the-he-moi-13-768x593.jpg 768w, http://gieoduyen.vn/wp-content/uploads/2019/08/doanh-nhan-the-he-moi-13-1200x926.jpg 1200w, http://gieoduyen.vn/wp-content/uploads/2019/08/doanh-nhan-the-he-moi-13.jpg 1280w"" alt="""" width=""900"" height=""694"" />
<img src=""http://gieoduyen.vn/wp-content/uploads/2019/08/doanh-nhan-the-he-moi-14-1024x790.jpg"" sizes=""(max-width: 900px) 100vw, 900px"" srcset=""http://gieoduyen.vn/wp-content/uploads/2019/08/doanh-nhan-the-he-moi-14-1024x790.jpg 1024w, http://gieoduyen.vn/wp-content/uploads/2019/08/doanh-nhan-the-he-moi-14-300x232.jpg 300w, http://gieoduyen.vn/wp-content/uploads/2019/08/doanh-nhan-the-he-moi-14-768x593.jpg 768w, http://gieoduyen.vn/wp-content/uploads/2019/08/doanh-nhan-the-he-moi-14-1200x926.jpg 1200w, http://gieoduyen.vn/wp-content/uploads/2019/08/doanh-nhan-the-he-moi-14.jpg 1280w"" alt="""" width=""900"" height=""694"" />
<img src=""http://gieoduyen.vn/wp-content/uploads/2019/08/doanh-nhan-the-he-moi-15-1024x790.jpg"" sizes=""(max-width: 900px) 100vw, 900px"" srcset=""http://gieoduyen.vn/wp-content/uploads/2019/08/doanh-nhan-the-he-moi-15-1024x790.jpg 1024w, http://gieoduyen.vn/wp-content/uploads/2019/08/doanh-nhan-the-he-moi-15-300x232.jpg 300w, http://gieoduyen.vn/wp-content/uploads/2019/08/doanh-nhan-the-he-moi-15-768x593.jpg 768w, http://gieoduyen.vn/wp-content/uploads/2019/08/doanh-nhan-the-he-moi-15-1200x926.jpg 1200w, http://gieoduyen.vn/wp-content/uploads/2019/08/doanh-nhan-the-he-moi-15.jpg 1280w"" alt="""" width=""900"" height=""694"" />
<img src=""http://gieoduyen.vn/wp-content/uploads/2019/08/doanh-nhan-the-he-moi-16-1024x790.jpg"" sizes=""(max-width: 900px) 100vw, 900px"" srcset=""http://gieoduyen.vn/wp-content/uploads/2019/08/doanh-nhan-the-he-moi-16-1024x790.jpg 1024w, http://gieoduyen.vn/wp-content/uploads/2019/08/doanh-nhan-the-he-moi-16-300x232.jpg 300w, http://gieoduyen.vn/wp-content/uploads/2019/08/doanh-nhan-the-he-moi-16-768x593.jpg 768w, http://gieoduyen.vn/wp-content/uploads/2019/08/doanh-nhan-the-he-moi-16-1200x926.jpg 1200w, http://gieoduyen.vn/wp-content/uploads/2019/08/doanh-nhan-the-he-moi-16.jpg 1280w"" alt="""" width=""900"" height=""694"" />
<img src=""http://gieoduyen.vn/wp-content/uploads/2019/08/doanh-nhan-the-he-moi-17-1024x790.jpg"" sizes=""(max-width: 900px) 100vw, 900px"" srcset=""http://gieoduyen.vn/wp-content/uploads/2019/08/doanh-nhan-the-he-moi-17-1024x790.jpg 1024w, http://gieoduyen.vn/wp-content/uploads/2019/08/doanh-nhan-the-he-moi-17-300x232.jpg 300w, http://gieoduyen.vn/wp-content/uploads/2019/08/doanh-nhan-the-he-moi-17-768x593.jpg 768w, http://gieoduyen.vn/wp-content/uploads/2019/08/doanh-nhan-the-he-moi-17-1200x926.jpg 1200w, http://gieoduyen.vn/wp-content/uploads/2019/08/doanh-nhan-the-he-moi-17.jpg 1280w"" alt="""" width=""900"" height=""694"" />
<img src=""http://gieoduyen.vn/wp-content/uploads/2019/08/doanh-nhan-the-he-moi-18-1024x790.jpg"" sizes=""(max-width: 900px) 100vw, 900px"" srcset=""http://gieoduyen.vn/wp-content/uploads/2019/08/doanh-nhan-the-he-moi-18-1024x790.jpg 1024w, http://gieoduyen.vn/wp-content/uploads/2019/08/doanh-nhan-the-he-moi-18-300x232.jpg 300w, http://gieoduyen.vn/wp-content/uploads/2019/08/doanh-nhan-the-he-moi-18-768x593.jpg 768w, http://gieoduyen.vn/wp-content/uploads/2019/08/doanh-nhan-the-he-moi-18-1200x926.jpg 1200w, http://gieoduyen.vn/wp-content/uploads/2019/08/doanh-nhan-the-he-moi-18.jpg 1280w"" alt="""" width=""900"" height=""694"" />
<img src=""http://gieoduyen.vn/wp-content/uploads/2019/08/doanh-nhan-the-he-moi-19-1024x790.jpg"" sizes=""(max-width: 900px) 100vw, 900px"" srcset=""http://gieoduyen.vn/wp-content/uploads/2019/08/doanh-nhan-the-he-moi-19-1024x790.jpg 1024w, http://gieoduyen.vn/wp-content/uploads/2019/08/doanh-nhan-the-he-moi-19-300x232.jpg 300w, http://gieoduyen.vn/wp-content/uploads/2019/08/doanh-nhan-the-he-moi-19-768x593.jpg 768w, http://gieoduyen.vn/wp-content/uploads/2019/08/doanh-nhan-the-he-moi-19-1200x926.jpg 1200w, http://gieoduyen.vn/wp-content/uploads/2019/08/doanh-nhan-the-he-moi-19.jpg 1280w"" alt="""" width=""900"" height=""694"" />
<img src=""http://gieoduyen.vn/wp-content/uploads/2019/08/doanh-nhan-the-he-moi-20-1024x790.jpg"" sizes=""(max-width: 900px) 100vw, 900px"" srcset=""http://gieoduyen.vn/wp-content/uploads/2019/08/doanh-nhan-the-he-moi-20-1024x790.jpg 1024w, http://gieoduyen.vn/wp-content/uploads/2019/08/doanh-nhan-the-he-moi-20-300x232.jpg 300w, http://gieoduyen.vn/wp-content/uploads/2019/08/doanh-nhan-the-he-moi-20-768x593.jpg 768w, http://gieoduyen.vn/wp-content/uploads/2019/08/doanh-nhan-the-he-moi-20-1200x926.jpg 1200w, http://gieoduyen.vn/wp-content/uploads/2019/08/doanh-nhan-the-he-moi-20.jpg 1280w"" alt="""" width=""900"" height=""694"" />
<img src=""http://gieoduyen.vn/wp-content/uploads/2019/08/doanh-nhan-the-he-moi-21-1024x790.jpg"" sizes=""(max-width: 900px) 100vw, 900px"" srcset=""http://gieoduyen.vn/wp-content/uploads/2019/08/doanh-nhan-the-he-moi-21-1024x790.jpg 1024w, http://gieoduyen.vn/wp-content/uploads/2019/08/doanh-nhan-the-he-moi-21-300x232.jpg 300w, http://gieoduyen.vn/wp-content/uploads/2019/08/doanh-nhan-the-he-moi-21-768x593.jpg 768w, http://gieoduyen.vn/wp-content/uploads/2019/08/doanh-nhan-the-he-moi-21-1200x926.jpg 1200w, http://gieoduyen.vn/wp-content/uploads/2019/08/doanh-nhan-the-he-moi-21.jpg 1280w"" alt="""" width=""900"" height=""694"" />
<img src=""http://gieoduyen.vn/wp-content/uploads/2019/08/doanh-nhan-the-he-moi-22-1024x790.jpg"" sizes=""(max-width: 900px) 100vw, 900px"" srcset=""http://gieoduyen.vn/wp-content/uploads/2019/08/doanh-nhan-the-he-moi-22-1024x790.jpg 1024w, http://gieoduyen.vn/wp-content/uploads/2019/08/doanh-nhan-the-he-moi-22-300x232.jpg 300w, http://gieoduyen.vn/wp-content/uploads/2019/08/doanh-nhan-the-he-moi-22-768x593.jpg 768w, http://gieoduyen.vn/wp-content/uploads/2019/08/doanh-nhan-the-he-moi-22-1200x926.jpg 1200w, http://gieoduyen.vn/wp-content/uploads/2019/08/doanh-nhan-the-he-moi-22.jpg 1280w"" alt="""" width=""900"" height=""694"" />
<img src=""http://gieoduyen.vn/wp-content/uploads/2019/08/doanh-nhan-the-he-moi-23-1024x790.jpg"" sizes=""(max-width: 900px) 100vw, 900px"" srcset=""http://gieoduyen.vn/wp-content/uploads/2019/08/doanh-nhan-the-he-moi-23-1024x790.jpg 1024w, http://gieoduyen.vn/wp-content/uploads/2019/08/doanh-nhan-the-he-moi-23-300x232.jpg 300w, http://gieoduyen.vn/wp-content/uploads/2019/08/doanh-nhan-the-he-moi-23-768x593.jpg 768w, http://gieoduyen.vn/wp-content/uploads/2019/08/doanh-nhan-the-he-moi-23-1200x926.jpg 1200w, http://gieoduyen.vn/wp-content/uploads/2019/08/doanh-nhan-the-he-moi-23.jpg 1280w"" alt="""" width=""900"" height=""694"" />
<img src=""http://gieoduyen.vn/wp-content/uploads/2019/08/doanh-nhan-the-he-moi-24-1024x790.jpg"" sizes=""(max-width: 900px) 100vw, 900px"" srcset=""http://gieoduyen.vn/wp-content/uploads/2019/08/doanh-nhan-the-he-moi-24-1024x790.jpg 1024w, http://gieoduyen.vn/wp-content/uploads/2019/08/doanh-nhan-the-he-moi-24-300x232.jpg 300w, http://gieoduyen.vn/wp-content/uploads/2019/08/doanh-nhan-the-he-moi-24-768x593.jpg 768w, http://gieoduyen.vn/wp-content/uploads/2019/08/doanh-nhan-the-he-moi-24-1200x926.jpg 1200w, http://gieoduyen.vn/wp-content/uploads/2019/08/doanh-nhan-the-he-moi-24.jpg 1280w"" alt="""" width=""900"" height=""694"" />
<img src=""http://gieoduyen.vn/wp-content/uploads/2019/08/doanh-nhan-the-he-moi-25-1024x790.jpg"" sizes=""(max-width: 900px) 100vw, 900px"" srcset=""http://gieoduyen.vn/wp-content/uploads/2019/08/doanh-nhan-the-he-moi-25-1024x790.jpg 1024w, http://gieoduyen.vn/wp-content/uploads/2019/08/doanh-nhan-the-he-moi-25-300x232.jpg 300w, http://gieoduyen.vn/wp-content/uploads/2019/08/doanh-nhan-the-he-moi-25-768x593.jpg 768w, http://gieoduyen.vn/wp-content/uploads/2019/08/doanh-nhan-the-he-moi-25-1200x926.jpg 1200w, http://gieoduyen.vn/wp-content/uploads/2019/08/doanh-nhan-the-he-moi-25.jpg 1280w"" alt="""" width=""900"" height=""694"" />
<img src=""http://gieoduyen.vn/wp-content/uploads/2019/08/doanh-nhan-the-he-moi-26-1024x790.jpg"" sizes=""(max-width: 900px) 100vw, 900px"" srcset=""http://gieoduyen.vn/wp-content/uploads/2019/08/doanh-nhan-the-he-moi-26-1024x790.jpg 1024w, http://gieoduyen.vn/wp-content/uploads/2019/08/doanh-nhan-the-he-moi-26-300x232.jpg 300w, http://gieoduyen.vn/wp-content/uploads/2019/08/doanh-nhan-the-he-moi-26-768x593.jpg 768w, http://gieoduyen.vn/wp-content/uploads/2019/08/doanh-nhan-the-he-moi-26-1200x926.jpg 1200w, http://gieoduyen.vn/wp-content/uploads/2019/08/doanh-nhan-the-he-moi-26.jpg 1280w"" alt="""" width=""900"" height=""694"" />
<img src=""http://gieoduyen.vn/wp-content/uploads/2019/08/doanh-nhan-the-he-moi-8-1024x790.jpg"" sizes=""(max-width: 900px) 100vw, 900px"" srcset=""http://gieoduyen.vn/wp-content/uploads/2019/08/doanh-nhan-the-he-moi-8-1024x790.jpg 1024w, http://gieoduyen.vn/wp-content/uploads/2019/08/doanh-nhan-the-he-moi-8-300x232.jpg 300w, http://gieoduyen.vn/wp-content/uploads/2019/08/doanh-nhan-the-he-moi-8-768x593.jpg 768w, http://gieoduyen.vn/wp-content/uploads/2019/08/doanh-nhan-the-he-moi-8-1200x926.jpg 1200w, http://gieoduyen.vn/wp-content/uploads/2019/08/doanh-nhan-the-he-moi-8.jpg 1280w"" alt="""" width=""900"" height=""694"" />
<img src=""http://gieoduyen.vn/wp-content/uploads/2019/08/doanh-nhan-the-he-moi-28-768x1024.jpg"" sizes=""(max-width: 768px) 100vw, 768px"" srcset=""http://gieoduyen.vn/wp-content/uploads/2019/08/doanh-nhan-the-he-moi-28-768x1024.jpg 768w, http://gieoduyen.vn/wp-content/uploads/2019/08/doanh-nhan-the-he-moi-28-225x300.jpg 225w, http://gieoduyen.vn/wp-content/uploads/2019/08/doanh-nhan-the-he-moi-28.jpg 960w"" alt="""" width=""768"" height=""1024"" />

Hi vọng rằng những câu nói của thầy Robert Dilts sẽ giúp bạn khơi dậy niềm cảm hứng trở thành một doanh nhân đầy tình yêu và thành công trọn vẹn hơn trên con đường sự nghiệp của mình!
<h3>Hồng Kiều</h3>",,"August 15, 2019",post,http://gieoduyen.vn/hieu-truong-nlp-hoa-ky-dao-tao-tinh-than-doanh-nhan-the-he-moi
997,"Elementor #997",,,,post,http://gieoduyen.vn/?p=997
1002,"Elementor #1002",,,,post,http://gieoduyen.vn/?p=1002
1003,"Gieo duyên 5 quán chay ngon tại TPHCM","Đối với một người đang ở trong quá trình phát triển bản thân và thiền định, việc ăn chay có lợi ích rất lớn. Bài viết này có mong muốn gieo duyên cho bạn biết tới những quán ăn chay ngon, chất lượng ở TPHCM.

Tôi sẽ không nhắc nhiều đến ý nghĩa của ăn chay về mặt dưỡng chất, bảo vệ môi trường, hay về tâm linh.

Trong bài viết này tôi muốn nói nhiều hơn tới khía cạnh năng lượng và lợi ích của ăn chay với việc thiền định.

Việc ăn chay giúp cho cơ thể của chúng ta nhẹ nhàng hơn, dễ nhập định hơn khi hành thiền. Đồng thời cũng giúp làm sạch cơ thể của mình, bởi thức ăn chay chứa nhiều chất xơ hỗ trợ cho hệ tiêu hoá, và cấu trúc cơ thể của con người cũng được thiết kế để hấp thụ thực vật nhiều hơn là động vật.

Những điều này mang lại lợi lạc rất lớn cho những ai đang muốn trí tuệ được thông suốt, nhẹ nhàng hơn, đi vào trạng thái thiền sâu, từ đó đón nhận năng lượng vũ trụ rót xuống.

Tôi đã nhiều lần nói, khi chúng ta được rót đầy bên trong bằng năng lượng thông qua thiền, chúng ta sẽ có nhiều sức mạnh bên trong hơn để lao động và cống hiến.

Dưới đây là 5 quán chay mà tôi đã trải nghiệm, hi vọng sẽ gieo duyên được cho ai đó yêu thích ăn chay hoặc đang muốn việc hành thiền của mình được tốt hơn:
<h2>1. Nhà Hàng Chay Liên Hương</h2>
<img src=""http://gieoduyen.vn/wp-content/uploads/2019/07/5-nha-hang-chay-ngon-o-tphcm-2.jpg"" sizes=""(max-width: 900px) 100vw, 900px"" srcset=""http://gieoduyen.vn/wp-content/uploads/2019/07/5-nha-hang-chay-ngon-o-tphcm-2.jpg 961w, http://gieoduyen.vn/wp-content/uploads/2019/07/5-nha-hang-chay-ngon-o-tphcm-2-300x199.jpg 300w, http://gieoduyen.vn/wp-content/uploads/2019/07/5-nha-hang-chay-ngon-o-tphcm-2-768x511.jpg 768w"" alt="""" width=""900"" height=""598"" />

Địa chỉ: 10D Trần Nhật Duật, P. Tân Định,  Quận 1, TP. HCM. Không gian yên tĩnh, rộng rãi, thoáng mát, hợp vệ sinh

Quán Liên Hương thanh đạm, chủ quán dạy thực dưỡng nhiều năm, đúng thực dưỡng, không dầu mỡ, đặc biệt là món lẩu hoa rất ngon.
<h2>2. Nhà Hàng Đậu Đỏ</h2>
<img src=""http://gieoduyen.vn/wp-content/uploads/2019/07/5-nha-hang-chay-ngon-o-tphcm-3.jpg"" sizes=""(max-width: 900px) 100vw, 900px"" srcset=""http://gieoduyen.vn/wp-content/uploads/2019/07/5-nha-hang-chay-ngon-o-tphcm-3.jpg 960w, http://gieoduyen.vn/wp-content/uploads/2019/07/5-nha-hang-chay-ngon-o-tphcm-3-300x226.jpg 300w, http://gieoduyen.vn/wp-content/uploads/2019/07/5-nha-hang-chay-ngon-o-tphcm-3-768x578.jpg 768w"" alt="""" width=""900"" height=""677"" />

Địa chỉ: Số 7 Hồ Xuân Hương, phường 6, quận 3.

Quán Đậu Đỏ các món ăn rất thuần chay,  vị rất ngon, không dầu mỡ, giá cả hợp lý, không gian rộng, thoáng đãng, yên tĩnh và ấm cúng, nội thất phong cách, tiện tiếp khách và các buổi họp nhóm.
<h2>3. Nhà hàng Hum Vegetarian</h2>
<img src=""http://gieoduyen.vn/wp-content/uploads/2019/07/5-nha-hang-chay-ngon-o-tphcm-4.jpg"" sizes=""(max-width: 900px) 100vw, 900px"" srcset=""http://gieoduyen.vn/wp-content/uploads/2019/07/5-nha-hang-chay-ngon-o-tphcm-4.jpg 960w, http://gieoduyen.vn/wp-content/uploads/2019/07/5-nha-hang-chay-ngon-o-tphcm-4-150x150.jpg 150w, http://gieoduyen.vn/wp-content/uploads/2019/07/5-nha-hang-chay-ngon-o-tphcm-4-300x300.jpg 300w, http://gieoduyen.vn/wp-content/uploads/2019/07/5-nha-hang-chay-ngon-o-tphcm-4-768x768.jpg 768w"" alt="""" width=""900"" height=""900"" />

Địa chỉ: 32 Võ Văn Tần, phường 6, Quận 3.

Quán dễ thương, sang trọng, món ăn bắt mắt, thực đơn phong phú, đậm vị, quán có nhiều khách nước ngoài, giá cả tương đối cao, nếu bạn thích ăn chay đậm vị thì đây là quán dành cho bạn.
<h2>4. Nhà hàng chay Phi Nhung</h2>
<img src=""http://gieoduyen.vn/wp-content/uploads/2019/07/5-nha-hang-chay-ngon-o-tphcm-5-1024x661.jpg"" sizes=""(max-width: 900px) 100vw, 900px"" srcset=""http://gieoduyen.vn/wp-content/uploads/2019/07/5-nha-hang-chay-ngon-o-tphcm-5-1024x661.jpg 1024w, http://gieoduyen.vn/wp-content/uploads/2019/07/5-nha-hang-chay-ngon-o-tphcm-5-300x194.jpg 300w, http://gieoduyen.vn/wp-content/uploads/2019/07/5-nha-hang-chay-ngon-o-tphcm-5-768x496.jpg 768w, http://gieoduyen.vn/wp-content/uploads/2019/07/5-nha-hang-chay-ngon-o-tphcm-5.jpg 1190w"" alt="""" width=""900"" height=""581"" />

Nhà hàng ăn chay Phi Nhung hay còn gọi là nhà hàng Buddha Chay do ca sĩ Phi Nhung làm chủ.

Địa chỉ: số 31 Đặng Tất, Quận 1, có không gian nhỏ nhắn nhưng cũng khá dễ thương, đủ thoải mái, ấm cúng.

Địa chỉ tại 05 Nguyễn Chí Thanh, Quận 5 thì không gian lớn hơn, thanh tịnh, trang trí kiểu cách hơn.

Thực đơn ở đây phong phú, ngon, đậm vị nhưng hơi nhiều dầu, bạn nào mới làm quen với ăn chay thì đây là quán chay khá phù hợp với bạn.
<h2>5. Nhà hàng Đoá Sen Vàng</h2>
<img src=""http://gieoduyen.vn/wp-content/uploads/2019/07/5-nha-hang-chay-ngon-o-tphcm-6.jpg"" sizes=""(max-width: 900px) 100vw, 900px"" srcset=""http://gieoduyen.vn/wp-content/uploads/2019/07/5-nha-hang-chay-ngon-o-tphcm-6.jpg 904w, http://gieoduyen.vn/wp-content/uploads/2019/07/5-nha-hang-chay-ngon-o-tphcm-6-300x198.jpg 300w, http://gieoduyen.vn/wp-content/uploads/2019/07/5-nha-hang-chay-ngon-o-tphcm-6-768x506.jpg 768w"" alt="""" width=""900"" height=""593"" />

Địa chỉ: 253/8 Nguyễn Văn Trỗi, P10, Q. Phú Nhuận.

Không gian sang trọng, đẹp và tinh tế, tông màu nâu và xanh, tiện tiếp khách, đãi tiệc lớn, thức ăn cũng đậm vị, thực đơn cũng rất phong phú.

Nếu bạn đọc được bài viết này, bạn có thể gieo duyên cho những người bạn của mình cũng cùng thưởng thức ở 5 quán chay ngon ở TPHCM này để họ cũng đạt được những lợi lạc của việc ăn chay bạn nhé!

Ai muốn cho tâm thanh nhàn thì an chay đi sẽ biết

Lòng thảnh thơi mặc đời thay đổi đường ta đi ta cứ đi

(Bài hát Ai Bảo Ăn Chay Là Khổ)

https://youtu.be/C2xfC_hfsvA
<h3>Hồng Kiều</h3>",,"January 22, 2018",post,http://gieoduyen.vn/gieo-duyen-5-quan-chay-ngon-tai-tphcm
1007,"Tại sao gối ngồi thiền vỏ đậu xanh hỗ trợ bạn ngồi thiền tốt nhất?",,,,post,http://gieoduyen.vn/?p=1007
1008,"Tại sao gối ngồi thiền vỏ đậu xanh hỗ trợ bạn ngồi thiền tốt nhất?",,,"January 22, 2018",post,http://gieoduyen.vn/tai-sao-goi-ngoi-thien-vo-dau-xanh-ho-tro-ban-ngoi-thien-tot-nhat
1030,"Chữa lành chính mình và tạo ra thế giới tốt đẹp hơn bằng phương pháp Ho’oponopono","<p>Nếu như biết được điều này, bạn sẽ tạo ra cuộc đời của bạn đúng như cách mà bạn mong muốn. Bài viết này gửi đến bạn như một món quà, mà chính bản thân tôi đã áp dụng và nhận lấy những kết quả diệu kì.</p>https://youtu.be/uEzKWNs2nsI<p>Có một khách hàng tìm đến tôi để nhờ tôi coach cho bạn, bạn được giới thiệu bởi một người em đã được tôi coach trước kia.</p><p>Khi gặp tôi, bạn đang gặp những tổn thương tâm lý nghiêm trọng trong cuộc hôn nhân hiện tại, khi vừa sinh con được vài tháng. Chồng của bạn không chung thuỷ, và những phản ứng quyết liệt của bạn khiến cho cuộc hôn nhân đi đến bờ vực. Bạn dường như muốn buông xuôi tất cả.</p><p>Bạn tìm đến tôi với niềm hi vọng rằng tôi có thể giúp bạn khơi thông một cách nhìn mới, một con đường sáng ra khỏi những rối rắm hiện tại.</p><p>Và tôi chia sẻ với bạn một tư duy mà tôi cực kỳ tâm đắc: </p><blockquote><p><em>Tìm kiếm sự tha thứ từ những người đã làm tổn thương mình</em></p></blockquote>		
										<img width=""900"" height=""620"" src=""http://gieoduyen.vn/wp-content/uploads/2019/08/Hooponopono-2-1024x705.jpg"" alt="""" srcset=""https://gieoduyen.vn/wp-content/uploads/2019/08/Hooponopono-2-1024x705.jpg 1024w, https://gieoduyen.vn/wp-content/uploads/2019/08/Hooponopono-2-300x206.jpg 300w, https://gieoduyen.vn/wp-content/uploads/2019/08/Hooponopono-2-768x529.jpg 768w, https://gieoduyen.vn/wp-content/uploads/2019/08/Hooponopono-2-1200x826.jpg 1200w, https://gieoduyen.vn/wp-content/uploads/2019/08/Hooponopono-2.jpg 2008w"" sizes=""(max-width: 900px) 100vw, 900px"" />											
		<p>Tôi biết là có thể bạn sẽ phải đọc lại câu này 1-2 lần nữa để xác nhận xem mình đọc đúng không. Đúng vậy, tìm kiếm sự tha thứ từ người đã làm tổn thương mình, một tư duy mà tôi nhận được từ những người thầy tuyệt vời và vĩ đại của tôi.</p><p>Từ những gì mà tôi ngộ được trong suốt thời gian liên tục phát triển bản thân và thực hành thiền định, cũng như qua những trải nghiệm quý báu trong cuộc đời, tôi tin rằng, mỗi con người đến với cuộc đời này đều mang trên mình một vai trò quan trọng nào đó.</p><blockquote><p><em>Mọi thứ xảy ra đều có nguyên do của nó - Everything happens for a reason - Brian Tracy.</em></p></blockquote><p>Nếu như ai đó vô tình hay hữu ý làm tổn thương bạn, thì có nghĩa là có một thông điệp nào đó được gửi tới thông qua người đó, giúp cho bạn nhận ra một bài học về chính mình, và từ đó bạn bước những bước cao hơn trong nấc thang cuộc đời của mình.</p><p>Một người làm tổn thương người khác bởi bản thân của họ đã từng bị tổn thương. Và họ cũng đang làm đúng với vai trò của mình, là giúp một người nào đó học được bài học cho chính cuộc đời mình. Họ được “gửi tới”, vì bạn cần phải học được điều gì đó để phát triển.</p><p>Chúng ta chính là người gieo những “hạt giống”, và những người mà ta gặp, mang lại hạnh phúc hay nỗi buồn cho ta, chỉ là một trung gian để truyền đến thông điệp mà ta cần phải nhận. Những gì xảy ra trong cuộc đời bạn chính là do những hạt giống mà bạn đã gieo trước đó nảy mầm và tạo ra.</p><p>Nếu bạn nhận thức được điều này, tôi tin rằng bạn sẽ nhận ra, điều mà chúng ta cần làm là cảm nhận sự biết ơn, tình yêu và mong cầu sự tha thứ từ người đã làm tổn thương mình. </p>		
										<img width=""760"" height=""757"" src=""http://gieoduyen.vn/wp-content/uploads/2019/08/Hooponopono-3.jpg"" alt="""" srcset=""https://gieoduyen.vn/wp-content/uploads/2019/08/Hooponopono-3.jpg 760w, https://gieoduyen.vn/wp-content/uploads/2019/08/Hooponopono-3-150x150.jpg 150w, https://gieoduyen.vn/wp-content/uploads/2019/08/Hooponopono-3-300x300.jpg 300w"" sizes=""(max-width: 760px) 100vw, 760px"" />											
		<p>Quay trở lại với câu chuyện ở trên, người chồng của cô gái mà tôi gặp, vì những duyên do nào đó khiến bạn không hạnh phúc, tôi phân tích cho bạn hiểu rằng, có những hành động của bạn, đã “tạo điều kiện” để những sự việc ấy xảy ra.</p><p>Người chồng của bạn và chính bạn, cả hai đều là những người khao khát sự yêu thương và tôn trọng, và họ không nhận đủ điều đó từ người còn lại. Cả hai đều giống như chiếc cốc chưa được rót đầy, nên không thể san sẻ tình yêu cho nhau.</p><p>Sự không chung thuỷ của người chồng, là thể hiện của việc anh đang tìm cách để nhận năng lượng từ một người khác, người biết cách thể hiện cho anh rằng họ có đầy năng lượng, có sự tôn trọng và ghi nhận mà anh đang rất thiếu từ chính bên trong mình.</p><p>Nếu như người bạn của tôi được rót đầy bên trong tình yêu, đủ để trao đi điều đó cho nửa kia của mình, thì có lẽ cuộc hôn nhân của họ không đi đến bờ vực như thế.</p><p>Điều tốt đẹp ở đây là, những điều này đưa đẩy tới cái duyên để bạn gặp tôi, để nhận được thông điệp “cầu xin sự tha thứ từ người đã làm tổn thương mình”, để bạn tìm đến những khoá học phát triển bản thân và chữa lành cho chính mình, để rót đầy bên trong mình với tình yêu, lòng biết ơn, tôn trọng.</p><p>Điều tuyệt vời nhất mà bạn làm được, đó là chịu trách nhiệm với những điều xảy ra, từ hiện tại cho tới mãi về sau. </p>		
										<img width=""700"" height=""366"" src=""http://gieoduyen.vn/wp-content/uploads/2019/08/Hooponopono-4.jpg"" alt="""" srcset=""https://gieoduyen.vn/wp-content/uploads/2019/08/Hooponopono-4.jpg 700w, https://gieoduyen.vn/wp-content/uploads/2019/08/Hooponopono-4-300x157.jpg 300w"" sizes=""(max-width: 700px) 100vw, 700px"" />											
		<p>Tôi chia sẻ với bạn 4 câu niệm của bài Ho’oponopono, 4 câu chữa lành kì diệu của người Hawaii cổ:</p><p style=""text-align: center;""><em>Tôi xin lỗi</em><br /><em>Làm ơn hãy tha thứ cho tôi</em><br /><em>Cảm ơn bạn</em><br /><em>Tôi yêu bạn.</em></p><p>Những điều xảy ra trong cuộc sống của tôi đều có nguyên nhân, và tôi nhận trách nhiệm cho cách thức mà mình nhìn nhận chúng, cũng như chủ động để học lấy bài học từ đó. Tôi biết ơn, tôn trọng và yêu thương những sự việc, sự vật, con người xuất hiện trong cuộc đời tôi, giúp tôi bước nhanh hơn trên con đường phát triển của chính mình.</p><p>Gần đây, tôi thấy những bức hình bạn đăng lên Facebook cá nhân, ánh lên trong mắt bạn là niềm vui và tình yêu cuộc sống. Tôi rất mừng vì điều đó.</p>		
			<h2>Câu chuyện chữa lành bằng phương pháp Ho’oponopono:</h2>		
		<blockquote><p><em>“Bạn có thể chữa lành vết thương cho bất kỳ ai, kể cả những bệnh nhân tâm thần, bằng cách chữa lành những vết thương của riêng mình” – Dr. Stanley Hew Len</em></p></blockquote>		
										<img width=""900"" height=""599"" src=""http://gieoduyen.vn/wp-content/uploads/2019/08/Hooponopono-1-1024x681.png"" alt="""" srcset=""https://gieoduyen.vn/wp-content/uploads/2019/08/Hooponopono-1-1024x681.png 1024w, https://gieoduyen.vn/wp-content/uploads/2019/08/Hooponopono-1-300x199.png 300w, https://gieoduyen.vn/wp-content/uploads/2019/08/Hooponopono-1-768x511.png 768w, https://gieoduyen.vn/wp-content/uploads/2019/08/Hooponopono-1-1200x798.png 1200w, https://gieoduyen.vn/wp-content/uploads/2019/08/Hooponopono-1.png 1516w"" sizes=""(max-width: 900px) 100vw, 900px"" />											
		<p>Ho’oponopono là một phương pháp thiền của Hawaii, được tiến sĩ Hew Len ứng dụng rất thành công, xuất hiện rộng rãi lần đầu tiên trong cuốn sách The Zero Limits của tiến sĩ Joe Vitale.</p><p>Nhiều năm trước, tại bệnh viện bang Hawaii, có một khu điều trị đặc biệt, dành cho những tội phạm có vấn đề về thần kinh, đã phạm phải các tội danh nghiêm trọng.</p><p>Những bức tường tại đây không được sơn sửa, khu vườn không được chăm sóc; các bệnh nhân tấn công lẫn nhau hay tấn công các nhân viên thường xuyên. Các bệnh nhân bị còng tay và không được đi ra ngoài.</p><p>Rồi một ngày, tiến sĩ Stanley Hew Len đến khu điều trị này. Điều kỳ lạ là ông không thực hiện những biện pháp điều trị thông thường như những bác sĩ tâm lý khác. Ngày nào ông cũng chỉ xuất hiện với một nụ cười nhẹ nhàng, ấm áp và thân thiện với các nhân viên, và bước vào phòng làm việc.</p><p>Ông không hề gặp trực tiếp các bệnh nhân mà hỏi xin hồ sơ trong quá khứ của họ, vào phòng làm việc và thực hiện phương pháp Ho’oponopono.</p><p>Một ngày nọ, bức tường được sơn lại. Rồi ngày khác, khu vườn bắt đầu được chăm sóc. Các bệnh nhân bắt đầu hồi phục và được tháo còng; thậm chí còn chơi tennis với các nhân viên. Sau sáu tháng, tất cả bệnh nhân hồi phục, và khu điều trị đó đóng cửa.</p><p>Tiến sĩ Hew Len giải thích phương pháp Ho’oponopono rằng: Chúng ta chịu trách nhiệm cho tất cả những gì xảy ra trong cuộc đời mình. Bởi tất cả mọi điều diễn ra trong cuộc sống đều là sự phóng chiếu những gì xảy ra bên trong của mỗi con người, chúng ta thu hút mọi điều xảy đến với mình.</p><p>Phương pháp Ho’oponopono giúp bạn xoá bỏ những hạt giống không tốt bên trong, nhờ đó những sự kiện không tốt bên ngoài được phóng chiếu ra cũng biến mất, thay vào đó bằng những điều tích cực nhờ những hạt giống mới được gieo xuống. Phương pháp này giống như phần mềm diệt virus trong máy tính (chính là bạn).</p><p>Có một điều bạn cần nhớ, đó là thay vì tìm cách để thay đổi người khác, bạn có thể làm một việc dễ dàng hơn: Chủ động thay đổi chính mình, qua đó thay đổi những kết quả ở bên ngoài mà bạn nhận được trong cuộc đời. Mọi thứ xuất phát từ bạn.</p><p>Bạn thấy không? Bạn đang làm nắm quyền chủ động cuộc đời của mình đấy!</p>		
			<h2>Thực hành phương pháp Ho’oponopono:</h2>		
				<h3>
					1. I’M SORRY (Tôi xin lỗi)
				</h3>
								<p>Bạn nói thầm với bản thân để xin lỗi tất cả những điều gì không tốt xảy ra với chính mình bởi những gì xảy ra bên trong bạn đã hút điều đó tới. 
</p>
				<h3>
					2. PLEASE FORGIVE ME (Làm ơn hãy tha thứ cho tôi)
				</h3>
								<p>Bạn nói thầm câu này với mình để cầu xin sự tha thứ từ chính mình, hoặc nói thầm đồng thời hướng ý nghĩ mong sự tha thứ từ một người nào đó mà bạn mong muốn chữa lành cho họ, để xoá đi những điều bên trong bạn đang thu hút những vấn đề ở bên ngoài của bạn.
</p>
				<h3>
					3. I THANK YOU (Cảm ơn bạn)
				</h3>
								<p>Nói thầm câu này với lòng biết ơn, vì một hạt giống chưa tốt bên trong bạn đang được xoá bỏ, những điều tốt đẹp sẽ đến, hoặc một người nào đó đang nhận được năng lượng chữa lành từ bạn, hoặc bạn đang thể hiện lòng biết ơn với những thông điệp nhận được từ sự kiện xảy đến.
</p>
				<h3>
					4. I LOVE YOU (Tôi yêu bạn)
				</h3>
								<p>Bạn nói điều này để rót đầy tình yêu ở bên trong mình, đồng thời cho đi tình yêu dành cho người khác, khi bạn đủ yêu thương chính mình bạn sẽ có thể yêu thương người khác nhiều hơn. 
</p>
		<p>Bản thân tôi đã thực nghiệm và chứng thực sự kỳ diệu của phương pháp Ho’oponopono này rất nhiều lần. </p><p>Điều quan trọng đầu tiên, tôi chủ đích thực hiện nó, bởi khi tôi thực hiện phương pháp này, tôi đang có ý thức rằng mình đang “rót đầy” chiếc cốc của mình với năng lượng của tình yêu dành cho chính mình. Càng thực hiện tâm tôi càng bình an.</p><p>Sau đó, tôi mở bản nhạc với 4 câu niệm này thường xuyên tại công ty, như là một cách để thanh tẩy những hạt giống chưa tốt và tạo nên nguồn năng lượng tích cực, bình an cho những người đang hiện diện tại đó. </p><p>Bạn biết không, công việc kinh doanh cũng như cuộc sống của tôi, gia đình tôi và những người bạn của tôi khi tôi chia sẻ với họ về phương pháp này, đều phát triển theo chiều hướng tốt đẹp và thuận lợi hơn. </p><p>Nếu như bạn chưa tin tưởng điều này, hãy chứng nghiệm việc áp dụng ở chính mình. Tôi tin rằng những điều thú vị tuyệt vời sẽ đến trong cuộc đời bạn. Chúc bạn may mắn và bình an.</p>		
			<h3>Hồng Kiều</h3>",,"August 20, 2019",post,http://gieoduyen.vn/chua-lanh-chinh-minh-va-tao-ra-the-gioi-tot-dep-hon-bang-phuong-phap-hooponopono
1050,"Trải nghiệm Thiền Vipassana cùng Thầy Thích Đồng Chơn","<p>Tôi muốn gửi đến bạn một khoá học thiền mà tôi tin rằng sẽ giúp cho bạn rất nhiều trong hành trình đi tìm chính mình, quay về với con người toàn hảo của mình và sống tỉnh thức trong từng phút giây của cuộc sống.</p><blockquote><p><em><strong>“Không có con đường nào đi đến hạnh phúc mà hạnh phúc chính là con đường”</strong></em></p></blockquote><p>Đặc biệt nếu bạn là người đã đi học nhiều khoá học tư duy, phát triển năng lực cá nhân, và đã nỗ lực hành động rất nhiều, nhưng vẫn cảm thấy cần phát triển thêm nội lực thì khoá học này sẽ giúp bạn bổ sung thêm mảnh ghép còn thiếu.</p><p>Khi bạn thường xuyên thực hành thiền thì bạn sẽ có tuệ giác và năng lực của sự tỉnh thức để trải nghiệm một cuộc sống trọn vẹn.</p>		
				<figure><img src=""http://gieoduyen.vn/wp-content/uploads/2018/05/thien-768x576.jpg"" alt=""thien"" /></figure><figure><img src=""http://gieoduyen.vn/wp-content/uploads/2018/05/thien2-768x576.jpg"" alt=""thien2"" /></figure><figure><img src=""http://gieoduyen.vn/wp-content/uploads/2018/05/thien3-768x576.jpg"" alt=""thien3"" /></figure><figure><img src=""http://gieoduyen.vn/wp-content/uploads/2018/05/thien6-768x576.jpg"" alt=""thien6"" /></figure><figure><img src=""http://gieoduyen.vn/wp-content/uploads/2018/05/thien7-768x576.jpg"" alt=""thien7"" /></figure><figure><img src=""http://gieoduyen.vn/wp-content/uploads/2018/05/thien4-768x427.jpg"" alt=""thien4"" /></figure>			
		<p>Tôi đang muốn nói đến KHÓA THIỀN VIPASSANA 2 NGÀY Chủ đề: Giá trị THIỀN &amp; phương pháp, ứng dụng do thầy Thích Đồng Chơn dạy tại TPHCM.</p><p>Thầy Đồng Chơn đang làm nghiên cứu sinh tiến sĩ Phật học tại Ấn Độ, duyên lành giúp tôi được học và khai mở nhiều điều nhờ thầy. Tôi muốn gieo duyên để nhiều người có thể tham gia lớp học này và nhận được những phước lành từ việc thực hành thiền định.</p>		
										<img width=""900"" height=""675"" src=""http://gieoduyen.vn/wp-content/uploads/2019/08/thien-Vipassana-4-1.jpg"" alt="""" srcset=""https://gieoduyen.vn/wp-content/uploads/2019/08/thien-Vipassana-4-1.jpg 960w, https://gieoduyen.vn/wp-content/uploads/2019/08/thien-Vipassana-4-1-300x225.jpg 300w, https://gieoduyen.vn/wp-content/uploads/2019/08/thien-Vipassana-4-1-768x576.jpg 768w"" sizes=""(max-width: 900px) 100vw, 900px"" />											
		<p>Bạn sẽ không chỉ học được phương pháp để hành thiền một cách đơn giản, điều mà tôi ấn tượng nhất khi học thầy là sơ đồ khoa học về thiền, từ đó mà ta đạt được sự đồng nhất Thân - Tâm - Trí, khai mở những nguồn lực bên trong để nhận được năng lượng và những món quà của vũ trụ.</p><p>Chúng ta sẽ được hiểu thêm về những tầng sóng của não bộ, những câu chuyện ẩn dụ về thiền, hiểu được “tánh không” trong thiền, nhờ đó mà bạn đạt được trạng thái nhập định dễ dàng hơn. Và quan trọng nhất, hiểu sâu sắc giá trị của thiền định, chỉ có như vậy bạn mới cảm ngộ được những lợi ích kỳ diệu cao nhất của thiền định và có động lực luyện thiền. “Thiền là để luyện chứ không phải để bàn” nên hãy cho phép mình có cơ hội có mặt ở chương trình và thực hành thiền.</p><p>Hãy tin rằng, khi bạn lấp đầy bên trong mình bằng năng lượng trong trẻo và diệu kỳ của vũ trụ thông qua thiền định, bánh xe cuộc đời của bạn sẽ tròn đều để lăn bánh một cách nhanh chóng và thuận lợi!</p><blockquote><p><em><strong>“Bình an là có tất cả vì trong trạng thái bình an là trạng thái dễ dàng thoả mãn mọi thứ nhất”</strong></em></p></blockquote>		
				<h3>
					THỜI GIAN VÀ ĐỊA ĐIỂM
				</h3>
					<ul>
							<li >
										Thời gian: 7:45 – 17:00  ngày 21- 22/12/2019. (Thứ bảy, Chủ nhật)
									</li>
								<li >
										Địa điểm: Hội trường lầu 2 khu B - Trường Liên cấp Tuệ Đức, số 8 Tân Thới Nhất 17, P. Tân Thới Nhất, Q.12 (gần chân cầu Tham Lương) (không gian yên tĩnh thích hợp cho thiền).
									</li>
						</ul>
		<h2><b>CHƯƠNG TRÌNH NHẰM MỤC ĐÍCH GIEO DUYÊN </b></h2><p><i>Các bạn tham gia có thể cùng gieo duyên để bạn mình cùng tham gia bằng cách nhập vào thông tin đăng ký tại form bên dưới để ban tổ chức sắp xếp chỗ học chu đáo.</i></p>		
			<a href=""https://forms.gle/Rb3QRp6tBR1pUJ2EA"" role=""button"">
						ĐĂNG KÝ THAM GIA TẠI ĐÂY
					</a>
		<p style=""text-align: center;"">Thông tin hỗ trợ chương trình, liên hệ Bổn Phước: 0773939186</p>		
										<img width=""900"" height=""438"" src=""http://gieoduyen.vn/wp-content/uploads/2019/07/thien-vipassana-thay-thich-dong-chon-1024x498.jpg"" alt="""" srcset=""https://gieoduyen.vn/wp-content/uploads/2019/07/thien-vipassana-thay-thich-dong-chon-1024x498.jpg 1024w, https://gieoduyen.vn/wp-content/uploads/2019/07/thien-vipassana-thay-thich-dong-chon-300x146.jpg 300w, https://gieoduyen.vn/wp-content/uploads/2019/07/thien-vipassana-thay-thich-dong-chon-768x373.jpg 768w, https://gieoduyen.vn/wp-content/uploads/2019/07/thien-vipassana-thay-thich-dong-chon-1536x747.jpg 1536w, https://gieoduyen.vn/wp-content/uploads/2019/07/thien-vipassana-thay-thich-dong-chon-2048x996.jpg 2048w"" sizes=""(max-width: 900px) 100vw, 900px"" />											
		<p>Chúc chúng ta đủ duyên để cùng có mặt tại chương trình và có một cuộc sống an vui!</p>",,"December 1, 2019",post,http://gieoduyen.vn/thien-vipassana-thay-thich-dong-chon
1438,"Khóa học Thần số học online miễn phí giải mã ngày sinh và tên","[sc name=""my-popup""]<h4>Chúng ta đến với cuộc đời này đều có vai trò và sứ mệnh riêng, cần lắng nghe chính mình để đón nhận thông điệp thiêng liêng này. Đặc biệt mỗi con số đều mang năng lượng riêng của nó, bạn sinh ra trong thời điểm nào và gắn với con số nào, tên bạn được đặt là gì đều ảnh hưởng đến năng lượng của bạn. Hãy cùng nghiên cứu bộ môn Thần số học và sau đó tự mình trải nghiệm để đúc kết, tìm câu trả lời cho chính mình.</h4><h4>Thần số học (Numerology) là một môn khoa học thần bí phương Tây, và mỗi người mang trong mình nguồn năng lượng khác nhau, con số biểu trưng  năng lượng khác nhau cho từng người, kết hợp với năng lượng của vũ trụ để tạo ra nét đặc trưng riêng biệt.</h4><p>Thời điểm này chúng ta cần đi vào bên trong khám phá chính mình, Ban tổ chức <a href=""https://www.facebook.com/groups/gieoduyen.vn/"">Gieo duyên - gieoduyen.vn</a> chia sẻ khóa học Thần số học để cả nhà chúng ta có dịp học online và hiểu hơn về chính mình cùng với các quy luật của vũ trụ nhé.</p>		
			<h2>THỜI GIAN TỔ CHỨC</h2>		
					<ul>
							<li >
										Thời gian học: Sáng từ 10h đến 11h
									</li>
						</ul>
					<ul>
							<li >
										Học vào ngày 7, 8 ngày 14 tháng 4 (gồm 4 buổi)
									</li>
						</ul>
					<ul>
							<li >
										Nếu bạn bận vào lịch trên thì vẫn đăng ký vào form khi nào có đợt tiếp theo Kiều thông báo nha
									</li>
						</ul>
			<h2>CÁCH THỨC THAM GIA</h2>		
					<ul>
							<li >
										Học trực tuyến trên Zoom, chi tiết mã lớp học và mật khẩu, đồng thời cách sử dụng Zoom được gửi qua email khi bạn cung cấp.
									</li>
						</ul>
					<ul>
							<li >
										Cung cấp thông tin email để  Ban tổ chức hỗ trợ bạn tốt nhất trong quá trình tham dự nhé. 
									</li>
						</ul>
		<p>Note: Sau khi bạn đăng ký, bạn kiểm tra email trong hộp thư nếu không thấy thì vào hộp thư quảng cáo nhé, và để đảm bảo lần sau chương trình gửi mail bạn nhận được thì bạn di chuyển thư vào hộp thư chính và reply từ email của ban tổ chức nha. </p>		
		<p>Note: Sau khi bạn đăng ký, bạn kiểm tra email trong hộp thư nếu không thấy thì vào hộp thư quảng cáo nhé, và để đảm bảo lần sau chương trình gửi mail bạn nhận được thì bạn di chuyển thư vào hộp thư chính và reply từ email của ban tổ chức nha. </p><p>Chúc bạn cùng gia đình luôn vui khỏe!</p>		
			<h3>HƯỚNG DẪN SỬ DỤNG ZOOM ĐỂ THAM GIA KHÓA HỌC TRỰC TUYẾN</h3>		
		<p>Để tham gia khóa học, Kiều có làm clip hướng dẫn cho các bạn, Bạn truy cập clip sau nhé:  <a href=""https://youtu.be/a7ZPJsTrylE"" target=""_blank"" rel=""noopener noreferrer"">https://youtu.be/a7ZPJsTrylE</a></p>",,"April 1, 2020",post,http://gieoduyen.vn/khoa-hoc-than-so-hoc-online-mien-phi
1503,"Chương Trình Xin Lỗi Con","<h4>Có những lúc, các bậc làm ba làm mẹ đau đầu vì không hiểu con đang thật sự muốn gì, nghĩ gì? Những hành động của con thể hiện diễn biến tâm lý gì ở con? Điều mà ba mẹ làm cho con có phải là điều tốt nhất cho con? Làm thế nào để con có thể phát triển tối đa những phẩm chất, năng lực tốt đẹp của mình?</h4>
Nhưng bạn đã thật sự đặt câu hỏi tại sao con mình lại có những biểu hiện như vậy chưa và cách nào để bạn và con đồng hành tốt với nhau, bạn trở thành người truyền cảm hứng cho con. Chương trình ""XIN LỖI CON"" sẽ là một cú hít lớn đối với cha mẹ và vỡ òa trong hạnh phúc khi thấu hiệu được ẩn ý của chương trình lần này.
<h3>THỜI GIAN</h3>
Sáng thứ 5 ngày 23-7-2020 lúc 10h30
<h3>CÁCH THỨC THAM DỰ</h3>
Học trên Zoom bằng cách đăng ký ở form dưới và nhận email thông tin tham dự.
<h3>Ba mẹ sau khi đăng ký kiểm tra email để nhận thông tin của chương trình và mã tham dự ạ, nếu trong hợp thư chính không thấy email thì Ba mẹ kiểm tra trong hòm thư quảng cáo nhé!
Nếu không thấy email thì Ba mẹ liên hệ zalo qua số điện thoại này ạ: 0963800038 hoặc 0933894545.</h3>
Hẹn gặp ba mẹ!
<h2>ĐĂNG KÝ CHƯƠNG TRÌNH PHÉP MÀU DÀNH CHO TRẺ</h2>
Vừa rồi Ban Tổ chức Gieo duyên tổ chức các buổi chia sẻ chuỗi Thức ăn cho tâm hồn dành cho cha mẹ với các chủ đề về chữa lành Tâm thức, Tiềm thức, Bí mật của Nước, Ho’oponopono, và sắp tới là Luật nhân quả, Thiền Định. Các Bậc Phụ huynh rất mong muốn có một chương trình thiết kế dành cho con trẻ với ngôn ngữ gần gũi mà giúp con hiểu được cơ chế vận hành của các quy luật này để con ứng dụng vào cuộc sống. Từ đó giúp con học tập hiểu quả hơn, biết cách sử dụng sức mạnh ngôn từ và sống yêu thương và biết ơn nhiều hơn.

<b>TÌM HIỂU THÊM VÀ ĐĂNG KÝ TẠI ĐÂY</b>: <a href=""https://gieoduyen.vn/phep-mau"">https://gieoduyen.vn/phep-mau</a>

<a href=""https://gieoduyen.vn/phep-mau"">
<img src=""http://gieoduyen.vn/wp-content/uploads/2020/07/phep-mau-danh-cho-tre-1024x666.jpg"" sizes=""(max-width: 900px) 100vw, 900px"" srcset=""https://gieoduyen.vn/wp-content/uploads/2020/07/phep-mau-danh-cho-tre-1024x666.jpg 1024w, https://gieoduyen.vn/wp-content/uploads/2020/07/phep-mau-danh-cho-tre-300x195.jpg 300w, https://gieoduyen.vn/wp-content/uploads/2020/07/phep-mau-danh-cho-tre-768x499.jpg 768w, https://gieoduyen.vn/wp-content/uploads/2020/07/phep-mau-danh-cho-tre-1536x999.jpg 1536w, https://gieoduyen.vn/wp-content/uploads/2020/07/phep-mau-danh-cho-tre-2048x1332.jpg 2048w"" alt="""" width=""900"" height=""585"" /> </a>
<a role=""button"" href=""https://gieoduyen.vn/phep-mau"">
ĐĂNG KÝ CHƯƠNG TRÌNH PHÉP MÀU DÀNH CHO TRẺ
</a><a href=""https://gieoduyen.vn/phep-mau"">https://gieoduyen.vn/phep-mau</a>",,"July 20, 2020",post,http://gieoduyen.vn/xin-loi-con
1513,"Phép Màu Dành Cho Trẻ - Khoá học online","Một chương trình đánh thức tư duy con trẻ gốc rễ nhất, Trẻ học online qua zoom thông qua slide kèm hình ảnh minh hoạ dễ hiểu, thí nghiệm khoa học chứng minh kích thích sự tò mò nghiên cứu của con. Từ đó Cô Tracy Hồng Kiều lồng vào những thông điệp sống dành cho con và tự con làm các thí nghiệm để hiểu rõ hơn các quy luật của vũ trụ và sức mạnh ngôn từ, suy nghĩ ảnh hưởng đến cuộc sống như thế nào.

Từ đó giúp con có nội động lực để học tập hiểu quả hơn, biết cách sử dụng sức mạnh ngôn từ và sống yêu thương và biết ơn nhiều hơn, luôn chịu trách nhiệm 100% với cuộc đời mình, khi có lí do đủ lớn con sẽ sống ý nghĩa hơn.
<h2>Con Trẻ nắm được gốc rễ</h2>
<ul>
 	<li>Học thông qua câu chuyện ẩn dụ và câu chuyện để hiểu về luật nhân quả, luật hấp dẫn.</li>
 	<li>Học thông qua xem thí nghiệm hiểu bí mật của nước từ đó biết cách giao tiếp với chính mình, với thiên nhiên và sử dụng ngôn từ hiệu quả giúp bé hoà hợp với mọi người và tự tin hơn, ý thức hơn, sống ý nghĩa hơn.</li>
 	<li>Hiểu cơ chế vận hành gốc của não bộ và cách sử dụng trí tuệ tiềm thức trong học tập và cuộc sống.</li>
 	<li>Biết cách chịu trách nhiệm 100% và sử dụng hiệu quả công cụ Ho'oponopono để chữa lành cảm xúc và bảo vệ sức khoẻ.</li>
 	<li>Chương trình giúp trẻ có nội động lực thay vì sống vì ngoài động lực. Từ đó thấy việc học trở nên ý nghĩa hơn.</li>
</ul>
<h2>Phép màu của sự kết nối</h2>
<ul>
 	<li>Chương trình sinh động nên các con sẽ học online được tốt.</li>
 	<li>Các con được học và vui thông qua các slide và video kết nối phép màu.</li>
 	<li>Có trợ giảng quản lí từng user các con để các con tập trung vào chương trình.</li>
 	<li>Các con được chia nhóm và sau đó học riêng với Cô Tracy Hồng Kiều cùng một nhóm nhỏ vào lịch khác sau khi học hai buổi học chung với các bạn.</li>
</ul>
<a role=""button"" href=""https://forms.gle/nBBqcSABm6khwi6s6"">
ĐĂNG KÝ CHO CON
</a>
<h3>Học 2 buổi trực tiếp online trên ZOOM (đăng ký sẽ được hướng dẫn cách tham gia)</h3>
Có hai lịch để ba mẹ lựa chọn
<ul>
 	<li>Ngày 29 và 30 tháng 8 từ 13h30 đến 15h (thứ 7 và chủ nhật)</li>
 	<li>Ngoài ra có khoá học Online giờ linh hoạt khác dành cho con. Ba mẹ cứ đăng ký chương trình sẽ tư vấn ạ.</li>
</ul>
<h3>HỌC PHÍ ONLINE ƯU ĐÃI GIEO DUYÊN CHO MÙA HÈ NÀY</h3>
<b>580 ngàn/khoá/bé</b> <b>(Riêng các trẻ em ở Quảng Nam &amp; Đà Nẵng trong mùa hè 2020 này thì Ban tổ chức Gieo duyên học miễn phí ạ).</b>
<ul>
 	<li>Ba mẹ tạo cho con cơ hội được hiểu sớm các quy luật vận hành này để giúp con trở thành một công dân toàn cầu với sự đóng góp tuyệt vời.</li>
 	<li>Độ tuổi tham dự từ 9 đến 15 tuổi (Sau 2 buổi học chính thức các con được tặng buổi coach riêng theo nhóm nhỏ và gặp gỡ Cô Tracy sau 21 ngày thực hành lòng biết ơn và thực hiện thí nghiệm)</li>
</ul>
<figure><a href=""https://www.youtube.com/c/tracyhongkieu"">
<img src=""http://gieoduyen.vn/wp-content/uploads/2020/07/tracy-hong-kieu-gieo-duyen-phep-mau-768x644.jpg"" sizes=""(max-width: 768px) 100vw, 768px"" srcset=""https://gieoduyen.vn/wp-content/uploads/2020/07/tracy-hong-kieu-gieo-duyen-phep-mau-768x644.jpg 768w, https://gieoduyen.vn/wp-content/uploads/2020/07/tracy-hong-kieu-gieo-duyen-phep-mau-300x251.jpg 300w, https://gieoduyen.vn/wp-content/uploads/2020/07/tracy-hong-kieu-gieo-duyen-phep-mau-1024x858.jpg 1024w, https://gieoduyen.vn/wp-content/uploads/2020/07/tracy-hong-kieu-gieo-duyen-phep-mau-1536x1288.jpg 1536w, https://gieoduyen.vn/wp-content/uploads/2020/07/tracy-hong-kieu-gieo-duyen-phep-mau.jpg 1880w"" alt="""" width=""768"" height=""644"" /> </a><figcaption>Cô Tracy Hồng Kiều chia sẻ cùng các con.</figcaption></figure>
<a role=""button"" href=""https://forms.gle/nBBqcSABm6khwi6s6"">
CLICK ĐĂNG KÝ CHO CON
</a>
<h2>Sau khi click vào điền form đăng ký, Quý phụ huynh sẽ nhận được một tin nhắn từ số điện thoại 0933894545 và sao đó là nhận email từ Gieoduyen.vn@gmail.com để có thông tin chi tiết chương trình.</h2>
Thông tin hỗ trợ:

Trung tâm Đào tào Inner Story

<a href=""http://www.innerstory.vn"">www.innerstory.vn</a>

Tầng 1, Số 1 Trần Khánh Dư, Q.1, TP.HCM

Điện thoại hỗ trợ: 0933894545 (gặp Thảo)

Điện thoại cô Tracy Hồng Kiều: 0907796268 (nhắn Zalo số này)

Facebook cô Tracy Hồng Kiều: <a href=""https://www.facebook.com/tracyhongkieu"">https://www.facebook.com/tracyhongkieu</a>

Kênh Youtube Cô Tracy Hồng Kiều: <a href=""https://www.youtube.com/c/tracyhongkieu"">https://www.youtube.com/c/tracyhongkieu</a>",,"July 20, 2020",post,http://gieoduyen.vn/phep-mau
1581,"Cialis - cialis 5 mg - Arteriyel düz kaslar","<h1>Cialis - cialis 5 mg - Arteriyel düz kaslar</h1>
<p>Arteriyel düz kasların gevşemesine ve ereksiyona neden olan penis dokularına kan akışına neden olur. Instagram hesabınıza takipçi almak için, ilk olarak ana sayfamızda yer alan ""Instagram Takipçi"" seçeneğine tıklayınız Bu seçenek sizleri, takipçi edinme sayfamıza ulaştıracaktır. Birçok kişi, “Neden Cem Yılmaz ve filmleri mercek altına alınıyor? Sizler için detaylı olarak araştırdık ve derledik. Aynı zamanda bu hat üzerinden cinsel sağlık merkezi aracılığıyla merak ettiğiniz tüm sorulara da yanıt bulabilirsiniz. Cialis satın alırken orjinal cialis satış siteleri aracılığı ile sipariş vermek oldukça önemlidir. PAH tedavisi için kullanıyorsanız, doktorunuzun talimatlarını ve yönergelerini dikkatli bir şekilde izleyin. Zenofem bayan hapı bilinen en etkili bayan azdırıcı hap olarak içerisinde 10 adet en etkili bayan istek artırıcı hap içermektedir. Siparişinizi verdikten sonra sadece birkaç gün içerisinde ürünün size göndereceğiz. Eğitim verilmeden, uyarılma yapılmadan ve savunma alınmadan yapılan fesih etme işlemlerinde işçi büyük çoğunlukla işe geri iade edilmektedir. Evliliklerde yaşanan bazı sorunlar zaman zaman cinsel ilişkilerin aksamasına daha sonra ise yaşanmamasına neden olabilmektedir. Tek yapmanız gereken bizlere sipariş öncesinde bunu bildirmek. Birçok zorluğun üstesinden tek başlarına gelmekte ve çocukları Ian ve Tom'u birlikte büyütmektedirler. İçerisinde Sildenafil bulunan bu ilacın birçok yan etkisi olduğundan dolayı, mutlaka doktor gözetimi altında kullanılmalıdır. Rıdvan Üney erken boşalma hakkında bilgiler verdi. Standart üreticiler hava filtrelerini plastik kutu içerisinde sunuyorlardı.</p>
<a href=""https://cialisturk.eniyibloglar.com/"">cialis</a>",,"August 31, 2017",post,http://gieoduyen.vn/cialis-cialis-5-mg-arteriyel-duz-kaslar
1582,"Viagra - viagra sipariş - DünyaBinlerce şişe i","<h1>Viagra - viagra sipariş - DünyaBinlerce şişe i</h1>
<p>DünyaBinlerce şişe içkiye 'Viagra' katılmış Çin'de cinsel gücü artırdığı söylenen Viagra haplı 5300 şişe alkollü içkiye el kondu. SEO Hizmeti ile sayfalarınızı optimize edin, Google ve diğer arama motorlarında sizi aradıklarında bulunabilir olun. Düzensiz bir beslenme programı veya spor yapmama sadece dış görünüşünüzü olumsuz etkilememektedir. Pratik bir şekilde kullanacağınız viagra 5 mg ile artık cinsel hayatınızı verimli düzeyde yaşamaya başlayabilirsiniz. Belli bir yaştan sonra özellikle prostat problemi erkeklerin önemli bir kısmında görünür. Ereksiyon artırır ve cinsel sürücü-yükseltir düşük libido ve kötü ereksiyon bir erkeğin güvenini etkiler ve kötü hala, bir zamanlar seven ilişkiydi şeyi yok. maddesi içeriğinden dolayı bir cinsel uyarıcı ve istek arttırıcı olan bir cinsel ilaçtır. Beklenmeyen bir yan etki de bu ilaçları kullanan kişilerin gözlerinde mavi-yeşil renk ayrımının bozulabilmesidir. Cinsel sağlık bakımından oldukça önemli olan vajinal mantarda yumurtalık ağrısı yaşanmamaktadır. 9 Eylül'de gösterimi yapılan filmin hiçbir sanatsal değeri olmadığını söyleyen bazı yazarlar, yapımın tamamen bazı grupların ahlaksızca emellerine hizmet ettiğini ifade ettiler. Dövme, epilasyon, manikür, pedikür, tıraş, kulak deldirme gibi cilt bütünlüğünüzü bozan bütün işlemlerde ve diş tedavisinde steril aletlerin kullanılmasına dikkat edin. Bu nedenle, hastalara viagra’in optimal kullanımı konusunda tavsiyelerde bulunurken, bu dikkate alınmalıdır. Rıdvan Üney mutluluk hakkında bilgi verdi. Son olarak kullanılan ürünü düğüm atarak çöpe atmanız önemlidir. viagra FiyatıCialis Satış Fiyatları Genel olarak kullanıcıların var olan problemlerini ortadan kaldırmak adına ne kadar işlevsel bir halde olduğunu da gösterebilmektedir.</p>
<a href=""https://viagrafiyat.eniyibloglar.com/"">viagra fiyatları</a>",,"January 14, 2017",post,http://gieoduyen.vn/viagra-viagra-siparis-dunyabinlerce-sise-i
1583,"Auto Draft",,,,post,http://gieoduyen.vn/?p=1583
